Voter,Age,HomeOwner,Female,Married,HouseholdSize,Income,Education,Church,Undecided
8001,47,1,1,1,3,125,20,1,No
8002,51,1,1,1,4,12,10,1,No
8003,50,1,1,1,3,113,12,1,No
8004,39,1,1,0,3,11.5,15,0,Yes
8005,70,1,1,1,3,96,8,0,No
8006,55,1,1,1,3,87,16,0,Yes
8007,56,1,0,1,3,101,15,0,Yes
8008,43,1,1,1,3,91,20,1,No
8009,41,1,0,1,3,92,9,1,No
8010,42,1,1,1,5,131,15,0,Yes
8011,31,1,1,0,1,59.5,15,1,Yes
8012,53,0,0,0,2,16,8,1,No
8013,32,0,0,1,6,132,12,0,No
8014,38,1,1,1,7,435,12,0,No
8015,47,1,0,1,7,136,15,1,Yes
8016,36,1,1,1,2,120,12,1,No
8017,69,1,0,0,1,19,16,0,Yes
8018,66,1,1,1,3,174,13,1,Yes
8019,30,1,1,1,5,104,12,0,No
8020,40,1,1,1,3,53,18,1,No
8021,37,1,1,1,5,198,12,1,No
8022,35,1,1,0,3,51,18,1,No
8023,32,0,1,1,5,151,18,0,Yes
8024,44,1,1,1,4,127,15,1,Yes
8025,41,1,0,1,3,97,9,0,No
8026,38,1,1,1,3,145,18,0,Yes
8027,54,1,1,0,1,181,20,1,No
8028,26,1,0,0,1,93,15,0,Yes
8029,45,1,1,1,2,51,20,1,No
8030,44,1,1,1,5,154,15,1,Yes
8031,38,1,1,1,3,142,18,0,Yes
8032,48,1,1,1,4,155,8,1,No
8033,50,1,1,1,3,132,15,0,Yes
8034,53,1,1,1,4,72,16,1,Yes
8035,48,0,0,1,3,173,18,1,Yes
8036,33,1,0,1,4,70,18,0,No
8037,56,1,0,1,7,25,8,0,No
8038,61,1,1,1,6,113,20,0,Yes
8039,60,1,0,0,1,102,20,0,No
8040,38,1,1,1,3,84,12,1,No
8041,50,1,1,0,1,147,13,1,Yes
8042,43,0,1,0,3,37,8,0,No
8043,69,1,0,1,3,28,20,0,No
8044,60,1,0,0,1,71,20,0,No
8045,43,1,1,1,5,64,15,0,Yes
8046,67,1,0,0,3,59,20,0,No
8047,50,1,1,1,2,89.5,20,1,No
8048,46,1,1,1,3,112,9,1,No
8049,31,1,1,1,5,131,18,1,No
8050,55,1,1,1,4,66,20,0,Yes
8051,53,1,0,1,4,131,8,0,No
8052,35,1,1,1,5,39,12,0,No
8053,53,0,1,0,1,81.5,20,1,No
8054,57,1,1,1,7,180,20,0,Yes
8055,34,1,1,1,5,128,8,1,No
8056,47,0,1,0,2,95,8,0,No
8057,24,1,1,1,3,142,12,0,No
8058,59,1,0,0,1,79,20,0,No
8059,49,0,1,1,4,149,8,1,No
8060,56,1,0,1,3,10,20,0,No
8061,52,1,1,1,2,88,20,0,Yes
8062,38,1,1,1,3,12,18,1,No
8063,40,1,0,1,4,17,18,1,No
8064,36,0,0,1,5,166,15,0,Yes
8065,54,1,1,1,3,109,20,0,Yes
8066,62,1,1,1,2,110,20,1,No
8067,39,1,1,0,1,130,18,1,No
8068,47,1,1,1,3,74,15,1,Yes
8069,61,1,1,1,3,84,16,0,Yes
8070,32,0,0,1,2,101.5,18,1,No
8071,61,0,1,1,4,69,20,0,Yes
8072,39,1,1,1,3,124,18,1,No
8073,40,1,1,1,5,130,18,0,Yes
8074,44,1,0,1,3,70,18,1,No
8075,56,1,1,0,1,32,20,1,No
8076,49,1,1,1,4,222,20,0,Yes
8077,30,1,1,1,5,81.5,8,1,No
8078,58,1,1,0,1,75,13,0,Yes
8079,45,1,1,1,3,148,8,1,No
8080,31,1,1,1,3,230,8,0,No
8081,38,1,1,1,4,160,15,1,Yes
8082,37,1,1,1,4,7,9,0,No
8083,51,1,1,1,2,23,8,0,No
8084,69,1,0,0,1,115,20,1,No
8085,52,1,1,0,2,66,20,0,Yes
8086,40,1,1,1,3,213,18,0,Yes
8087,63,1,1,0,1,30,8,1,No
8088,49,1,1,0,2,158,13,0,Yes
8089,51,1,1,1,5,539,18,1,No
8090,66,1,1,0,2,121,20,0,Yes
8091,54,1,1,1,6,132,16,0,Yes
8092,50,1,1,1,6,55.5,18,0,Yes
8093,44,0,1,1,6,276,8,0,No
8094,25,1,1,1,4,25,18,0,Yes
8095,36,1,1,1,4,173,15,1,Yes
8096,52,1,1,1,5,215,20,0,Yes
8097,61,1,1,1,2,59,20,1,Yes
8098,46,1,1,1,6,78,12,0,No
8099,42,0,1,0,2,28,18,0,Yes
8100,52,1,1,1,4,32,15,1,Yes
8101,42,1,1,0,2,89,9,1,No
8102,61,0,1,1,7,74,20,1,No
8103,55,1,0,0,1,174,18,0,No
8104,41,1,1,1,3,71,18,0,Yes
8105,40,1,1,0,3,14,18,1,No
8106,50,1,1,1,2,112,15,0,Yes
8107,50,1,1,1,6,203,8,0,No
8108,60,1,0,1,3,125,20,1,No
8109,36,1,0,0,1,118.5,15,1,Yes
8110,48,1,0,0,1,191,18,1,No
8111,32,1,1,0,1,140.5,15,0,Yes
8112,26,0,1,0,2,69,8,0,No
8113,53,1,1,1,4,176,20,1,No
8114,33,1,1,1,2,121,15,0,Yes
8115,44,1,1,0,1,24,18,0,Yes
8116,38,1,1,1,4,52,15,0,Yes
8117,30,1,0,1,3,170,15,0,Yes
8118,39,1,1,1,5,193,12,0,No
8119,40,1,1,1,2,104,15,1,Yes
8120,28,1,1,0,2,173,15,1,Yes
8121,36,1,0,0,1,39,18,1,No
8122,43,1,0,1,3,17,15,0,Yes
8123,30,1,0,0,2,144,18,1,No
8124,58,0,1,1,2,69.5,20,0,Yes
8125,41,1,1,1,2,102,18,1,No
8126,49,1,0,0,2,36,8,1,No
8127,54,1,0,1,2,137,20,1,No
8128,48,1,1,1,5,185,20,0,Yes
8129,40,1,1,1,6,80,15,0,Yes
8130,66,1,0,1,3,98,20,0,No
8131,47,0,0,1,3,334,15,0,No
8132,32,1,1,1,6,137,11,1,No
8133,52,1,1,1,3,103,20,0,Yes
8134,40,0,1,0,6,36,8,0,No
8135,34,1,1,1,3,72,18,1,No
8136,49,0,1,1,6,308,13,1,No
8137,52,1,1,0,1,97,18,1,No
8138,42,1,1,1,6,156,18,0,Yes
8139,37,1,1,0,3,59,12,1,No
8140,49,1,1,0,3,39,18,0,Yes
8141,47,1,1,0,1,37,20,0,Yes
8142,36,1,1,1,2,132,18,1,No
8143,63,1,0,1,4,22,8,1,No
8144,44,1,1,1,4,144,20,0,Yes
8145,62,1,1,1,5,54,16,1,Yes
8146,48,1,1,1,2,87,20,0,Yes
8147,54,1,1,1,7,367,20,1,No
8148,57,1,1,0,1,85,20,0,Yes
8149,62,1,1,0,1,87,20,1,No
8150,62,1,1,1,3,66.5,16,1,Yes
8151,43,1,1,1,3,258,8,0,No
8152,57,0,0,0,1,29,8,0,No
8153,38,0,1,0,3,6,8,0,No
8154,48,1,1,0,1,99,20,0,Yes
8155,42,1,1,0,1,216,18,1,No
8156,56,1,1,1,3,133,20,1,No
8157,51,1,0,0,1,61.5,9,1,No
8158,65,1,0,1,3,146,20,0,No
8159,31,1,1,1,2,71,18,1,No
8160,30,1,1,1,2,100,15,1,Yes
8161,40,0,1,1,4,126,20,0,Yes
8162,53,0,1,1,5,105,10,0,No
8163,58,1,1,1,2,58.5,8,0,No
8164,54,1,1,1,3,100,9,1,No
8165,39,1,1,1,3,55,15,0,Yes
8166,52,1,0,0,1,66,20,0,No
8167,50,1,1,1,2,83,15,1,Yes
8168,46,1,1,1,4,231,8,1,No
8169,50,1,1,1,5,165,12,1,No
8170,47,1,1,1,3,49,18,0,Yes
8171,41,1,1,1,4,139,13,1,Yes
8172,44,1,0,1,2,159,15,0,Yes
8173,36,1,1,1,3,70,15,0,Yes
8174,50,1,1,1,2,100,12,1,No
8175,40,0,0,1,7,148.5,8,1,No
8176,51,0,1,0,1,46.5,8,0,No
8177,57,0,1,1,3,65,18,1,No
8178,45,1,1,1,2,183,15,0,No
8179,37,1,1,1,4,467,18,1,No
8180,45,1,0,1,3,134,18,0,Yes
8181,49,1,1,1,4,131,18,1,No
8182,39,1,1,1,4,37,15,0,Yes
8183,41,1,1,1,2,48,15,1,Yes
8184,42,0,1,1,3,85,8,1,No
8185,25,0,0,0,1,48,8,1,No
8186,35,1,1,0,1,138,15,0,Yes
8187,62,1,0,1,4,54,8,0,No
8188,52,1,1,1,3,97,15,1,Yes
8189,26,1,1,1,2,144,12,1,No
8190,64,1,1,0,2,66,20,0,Yes
8191,27,1,0,0,1,230,8,0,No
8192,47,1,1,1,3,97,18,1,Yes
8193,40,1,1,1,3,121,18,1,No
8194,56,1,0,1,2,100,20,1,No
8195,55,1,1,0,2,71,10,1,No
8196,50,1,1,0,1,21,10,0,No
8197,51,1,1,0,4,41,16,1,Yes
8198,29,0,0,0,3,96.5,9,0,No
8199,33,1,1,1,6,98,15,0,Yes
8200,51,1,1,0,2,114,15,0,Yes
8201,40,1,1,1,5,175.5,15,1,No
8202,37,1,1,1,5,37,9,0,No
8203,53,1,1,1,2,22,15,1,Yes
8204,43,0,1,0,4,166,18,0,Yes
8205,53,1,1,0,3,18,8,1,No
8206,37,1,0,0,1,5,18,1,No
8207,51,1,1,1,2,118,20,0,Yes
8208,46,1,1,1,2,101,18,0,Yes
8209,44,0,0,1,3,20,8,0,No
8210,51,1,0,1,3,89,20,0,No
8211,53,1,1,1,7,93,15,1,Yes
8212,31,1,0,1,4,175,8,1,No
8213,49,1,0,1,3,155,12,0,No
8214,43,0,1,0,1,107,18,1,No
8215,58,1,0,1,3,274,16,0,No
8216,37,1,0,1,5,295,8,1,No
8217,57,1,1,1,3,547,20,1,No
8218,47,1,0,1,3,119,13,1,Yes
8219,33,1,1,1,3,89,18,1,No
8220,51,0,1,1,3,81,18,1,No
8221,45,1,1,0,2,92,20,1,No
8222,57,1,0,1,5,143,20,1,No
8223,62,1,1,1,3,60,20,1,No
8224,48,0,0,1,6,134,8,0,No
8225,54,1,0,0,2,5,20,0,No
8226,50,1,0,1,5,87,18,0,No
8227,37,1,1,1,3,72,18,1,No
8228,32,1,1,0,1,109,15,0,Yes
8229,57,1,1,1,4,78,20,0,Yes
8230,47,1,1,1,6,290,20,1,No
8231,33,1,1,1,6,121,8,0,No
8232,36,0,1,1,6,42,8,1,No
8233,36,0,1,1,3,41,18,1,No
8234,53,1,1,1,6,68,13,0,Yes
8235,62,0,1,0,2,10,8,1,Yes
8236,58,0,1,0,2,49,8,1,No
8237,69,1,1,0,1,27,20,0,Yes
8238,39,0,1,1,3,122,8,0,No
8239,50,1,1,1,3,66,15,1,Yes
8240,34,1,1,0,4,120,8,1,No
8241,46,1,0,1,6,77,8,1,No
8242,40,1,1,1,4,186,15,0,No
8243,51,1,1,1,2,111.5,20,1,No
8244,63,1,1,1,2,55,20,1,No
8245,55,1,1,1,3,98,9,0,No
8246,59,1,1,0,2,60,10,0,No
8247,18,1,1,1,2,162,12,0,No
8248,47,1,0,1,3,70,18,0,No
8249,55,1,1,1,2,26,8,1,No
8250,46,1,1,1,7,156,12,1,No
8251,48,1,0,0,1,139,20,1,No
8252,47,1,1,0,1,152.5,8,1,No
8253,53,1,0,1,2,85,20,1,No
8254,49,1,1,0,1,71,18,1,Yes
8255,56,0,0,0,2,26,8,1,No
8256,54,1,0,1,3,105,16,0,Yes
8257,35,1,0,1,4,165,15,1,Yes
8258,37,1,0,1,3,28,12,0,No
8259,27,1,1,0,3,29,15,1,Yes
8260,40,1,1,1,5,113,12,1,No
8261,45,1,0,1,4,163,12,1,No
8262,51,1,1,1,2,51,15,1,Yes
8263,39,1,1,1,2,151,18,1,No
8264,46,1,1,1,5,142,16,0,Yes
8265,53,0,0,0,1,155,20,0,No
8266,41,1,0,1,5,108,15,0,Yes
8267,43,1,1,1,3,78.5,18,1,No
8268,35,1,1,0,2,139.5,8,1,No
8269,21,1,1,1,4,73,12,0,No
8270,53,1,1,1,2,213,12,1,No
8271,44,0,1,0,1,7,8,1,No
8272,21,1,1,1,6,166,12,0,No
8273,52,1,1,1,3,333,18,1,No
8274,51,1,1,1,5,111,20,0,Yes
8275,51,1,1,0,2,83,18,1,No
8276,60,1,1,1,3,34,20,0,Yes
8277,64,1,0,1,2,93,13,1,Yes
8278,59,1,1,1,3,121,20,0,Yes
8279,52,1,1,0,3,62,16,1,Yes
8280,42,1,1,1,5,231,12,1,No
8281,23,1,1,1,4,107,12,1,No
8282,57,1,1,1,3,141,20,0,Yes
8283,42,0,1,1,7,114,15,0,Yes
8284,50,1,1,1,4,182,12,1,No
8285,48,0,1,1,2,90,12,0,No
8286,43,0,1,1,2,66.5,8,1,No
8287,54,1,1,0,1,132,16,0,Yes
8288,30,1,1,1,5,136,15,1,Yes
8289,42,1,1,1,7,131,12,1,No
8290,45,0,1,1,3,54,20,1,No
8291,35,1,1,1,4,130,15,1,Yes
8292,51,1,1,1,5,120,20,1,No
8293,58,1,1,1,6,101,13,1,Yes
8294,39,0,1,1,4,156,18,1,No
8295,34,1,1,0,7,77,17,0,No
8296,45,1,1,0,3,107.5,18,1,No
8297,43,1,0,0,2,212,18,1,No
8298,34,1,0,1,2,6,8,1,No
8299,54,1,1,0,1,65,13,0,Yes
8300,68,1,1,1,2,106,20,1,No
8301,44,1,1,1,7,93,15,1,Yes
8302,40,1,1,1,4,134.5,8,1,No
8303,39,1,1,1,3,77,15,1,Yes
8304,43,0,1,1,7,95,8,0,No
8305,55,1,1,1,4,80,18,1,No
8306,37,1,1,1,6,149,15,1,Yes
8307,53,1,1,1,6,214,18,1,No
8308,36,1,1,1,6,107,18,1,No
8309,31,1,1,1,4,108,18,1,No
8310,30,1,1,1,4,78,11,0,No
8311,33,0,1,1,4,99,12,1,No
8312,44,1,1,1,6,82,12,0,No
8313,42,1,1,1,2,25,18,1,No
8314,74,1,1,1,2,21,20,0,Yes
8315,51,1,0,1,4,60,9,0,No
8316,69,1,0,1,4,32,20,1,No
8317,43,1,1,1,5,91,12,0,No
8318,43,1,1,1,4,133,13,1,Yes
8319,31,1,1,0,3,6,8,0,No
8320,54,0,1,1,2,116,12,1,No
8321,37,1,1,1,5,15,15,1,Yes
8322,59,1,0,1,2,49,20,1,No
8323,47,1,0,1,6,76,16,1,Yes
8324,48,1,1,1,2,30,18,0,Yes
8325,26,1,1,1,4,119,8,0,No
8326,47,1,1,1,2,49,18,1,No
8327,49,1,1,1,7,103,15,1,Yes
8328,52,1,1,1,5,117,12,0,No
8329,41,0,0,0,1,44.5,8,1,No
8330,59,1,1,1,3,84,20,1,No
8331,49,1,0,1,4,137,15,0,Yes
8332,45,1,0,1,4,90,20,1,No
8333,39,1,1,1,7,159,15,1,Yes
8334,35,1,1,1,5,185,12,0,No
8335,37,1,1,0,1,132,18,0,Yes
8336,39,1,1,1,4,108,12,0,No
8337,54,1,1,1,5,152,12,1,No
8338,46,1,0,1,3,36,20,1,No
8339,62,1,0,1,4,65,8,0,No
8340,47,1,1,0,2,32,12,0,No
8341,45,1,1,1,5,238,15,1,No
8342,46,1,1,0,4,147.5,15,0,Yes
8343,34,1,1,1,2,153,18,0,Yes
8344,43,1,1,1,2,80,18,0,Yes
8345,58,1,1,0,1,73,20,0,Yes
8346,53,1,1,1,5,24,18,1,No
8347,47,1,1,1,2,83.5,18,1,No
8348,43,1,0,1,2,66,15,0,Yes
8349,66,1,1,1,3,38.5,20,1,No
8350,37,1,1,1,3,120,18,1,No
8351,48,0,1,1,3,17,20,0,Yes
8352,38,1,1,1,5,165,8,0,No
8353,45,1,1,1,3,14.5,13,1,Yes
8354,38,1,1,0,1,45.5,18,0,Yes
8355,39,1,1,1,6,102,15,1,Yes
8356,47,0,0,0,5,42,13,0,Yes
8357,47,1,1,1,5,190,15,1,No
8358,64,1,0,1,3,76,20,0,No
8359,45,1,1,1,4,168,16,0,Yes
8360,55,1,1,1,4,159,20,1,No
8361,34,1,0,1,5,148,15,1,Yes
8362,46,0,1,1,3,101,18,1,No
8363,54,1,1,1,5,39,8,0,No
8364,68,1,1,1,3,81,20,1,No
8365,48,1,1,1,5,209,8,0,No
8366,65,1,1,0,1,34,20,0,Yes
8367,64,0,1,1,4,120,20,1,No
8368,30,1,1,1,3,187,12,0,No
8369,33,1,1,0,1,80.5,17,1,No
8370,36,1,1,0,3,47,8,0,No
8371,60,1,1,1,3,44,16,0,Yes
8372,47,1,1,1,3,158,15,0,Yes
8373,55,1,1,1,2,70,20,0,Yes
8374,44,1,1,1,7,107,18,0,Yes
8375,39,0,0,0,1,6,8,1,No
8376,62,1,1,1,4,116,20,0,Yes
8377,39,1,1,1,7,131,15,1,Yes
8378,41,1,0,1,2,33,15,1,Yes
8379,44,0,1,1,3,100,20,0,Yes
8380,45,1,0,0,6,528,8,1,No
8381,42,1,1,0,1,47,15,0,Yes
8382,61,1,1,0,2,76,20,0,Yes
8383,61,1,0,1,3,39,20,1,No
8384,70,1,1,0,5,58,16,1,Yes
8385,32,1,1,1,5,66,12,1,No
8386,37,0,0,0,1,68,8,1,No
8387,36,1,1,1,5,521,15,1,No
8388,43,1,1,0,1,46,15,1,Yes
8389,50,0,1,0,1,138,20,0,Yes
8390,46,1,1,1,5,9,12,1,No
8391,62,1,0,0,1,4,20,1,No
8392,55,1,1,1,3,194,8,0,No
8393,43,1,1,1,4,22,16,1,Yes
8394,31,1,1,1,7,84,18,1,No
8395,30,1,1,1,7,113,12,1,No
8396,31,1,0,0,2,37,18,0,No
8397,67,1,1,0,2,65,20,1,No
8398,44,0,1,0,1,133,15,0,Yes
8399,35,1,1,1,3,162,12,0,No
8400,49,1,1,1,3,60,20,0,Yes
8401,55,1,0,0,5,31,20,0,No
8402,50,1,1,1,2,89,18,0,Yes
8403,46,1,1,1,5,65,18,1,No
8404,51,1,1,0,2,77,8,0,No
8405,30,1,1,0,5,18,18,1,No
8406,42,1,1,1,2,171,15,1,Yes
8407,47,1,1,0,3,122,18,1,No
8408,43,1,1,0,2,37,18,0,Yes
8409,52,1,0,0,2,33,20,0,No
8410,47,1,1,0,1,17,18,0,Yes
8411,35,1,1,1,5,127,15,1,Yes
8412,60,1,0,1,3,47,20,0,No
8413,51,0,0,1,5,216,15,1,No
8414,41,0,1,1,4,38,15,0,Yes
8415,36,0,1,1,3,68,8,0,No
8416,29,1,0,1,5,103,15,1,Yes
8417,70,1,1,1,2,149,8,0,No
8418,37,0,1,1,4,138,12,1,No
8419,50,1,0,1,6,62,15,1,Yes
8420,70,1,1,0,1,115,20,0,Yes
8421,37,1,0,1,3,154,12,0,No
8422,43,1,1,1,3,147,12,0,No
8423,54,1,1,1,5,141,20,1,No
8424,56,1,1,1,3,81,20,0,Yes
8425,41,1,1,1,3,95,18,0,Yes
8426,48,1,1,1,2,137,15,1,Yes
8427,35,1,1,1,6,76,15,1,Yes
8428,45,1,1,1,6,180,12,0,No
8429,29,1,1,1,5,89,15,1,Yes
8430,38,1,1,1,3,87,18,0,Yes
8431,53,1,1,0,4,147,16,1,Yes
8432,51,1,0,1,3,230,20,1,No
8433,59,1,1,1,3,98,20,0,Yes
8434,54,0,1,0,2,16,8,0,No
8435,54,0,1,1,4,143,18,0,Yes
8436,55,1,0,1,4,59.5,15,1,Yes
8437,50,1,1,1,4,89,8,1,No
8438,46,1,1,1,3,135,18,1,No
8439,61,1,1,0,2,14,20,0,Yes
8440,55,1,0,1,4,89,16,1,Yes
8441,48,0,1,0,1,5,8,1,No
8442,49,1,1,1,4,104,18,0,Yes
8443,49,0,1,1,3,123,20,1,No
8444,48,1,0,1,2,51,20,1,No
8445,49,0,1,0,1,136.5,9,0,No
8446,30,1,1,0,4,60.5,8,1,No
8447,49,1,1,0,1,241,20,1,No
8448,36,1,1,0,3,119.5,18,0,Yes
8449,53,1,0,1,3,113,8,0,No
8450,39,1,0,0,2,59.5,15,1,Yes
8451,34,1,1,1,2,135,15,1,Yes
8452,33,1,1,1,7,25,8,1,No
8453,54,1,1,1,4,421,20,0,No
8454,52,1,1,0,1,43,20,0,Yes
8455,31,1,1,1,2,95.5,8,1,No
8456,33,1,1,1,4,5,11,1,No
8457,51,1,0,1,3,75,20,1,No
8458,42,1,0,0,2,64,18,0,No
8459,41,1,1,1,3,155,15,0,Yes
8460,46,1,1,0,4,6,16,0,Yes
8461,20,1,1,1,5,49,15,0,Yes
8462,42,1,1,1,4,104,15,0,Yes
8463,62,1,1,1,5,80,20,1,Yes
8464,56,1,0,1,5,108,20,0,No
8465,59,1,1,1,2,108,20,1,No
8466,22,1,0,1,3,326,14,0,No
8467,47,1,1,1,2,150,18,1,No
8468,48,0,1,1,7,36,8,1,No
8469,35,1,1,1,3,38,8,0,No
8470,26,0,0,0,5,5,11,1,No
8471,36,1,1,1,2,136,8,0,No
8472,35,1,1,1,3,65,9,1,No
8473,57,1,1,1,4,193,20,1,No
8474,48,1,1,1,3,35,15,0,Yes
8475,53,0,1,0,1,43,8,1,No
8476,55,1,1,1,2,135,10,0,No
8477,35,1,1,0,1,49,18,0,Yes
8478,49,1,1,1,3,93,18,1,No
8479,49,1,1,0,1,114,9,0,No
8480,55,1,1,1,5,173,15,1,Yes
8481,48,1,0,1,3,98,16,1,Yes
8482,29,0,1,0,4,130.5,8,0,No
8483,67,1,1,1,3,160,13,0,Yes
8484,45,1,1,0,4,11,18,1,No
8485,61,0,0,1,5,104,20,0,No
8486,36,1,1,0,2,54,12,1,Yes
8487,35,0,1,0,2,17,8,1,No
8488,44,1,1,1,5,150,12,1,No
8489,46,0,0,1,4,50,16,1,Yes
8490,62,1,1,0,1,25,20,0,Yes
8491,49,1,1,1,4,98,18,0,Yes
8492,52,1,1,1,2,91,18,1,No
8493,52,1,1,1,3,9,20,1,No
8494,49,1,0,1,5,105,15,0,Yes
8495,42,1,0,1,3,76,20,1,No
8496,34,1,1,1,5,145,12,1,No
8497,48,1,1,1,2,150,15,1,Yes
8498,70,1,0,1,3,41,20,1,No
8499,62,1,1,1,5,10,20,1,No
8500,50,1,1,1,4,226,18,1,No
8501,50,1,1,1,4,57,18,0,Yes
8502,57,0,1,0,2,20,8,1,No
8503,67,1,0,1,4,114,20,0,No
8504,50,1,1,1,3,36,20,0,Yes
8505,54,1,1,1,4,27,20,0,Yes
8506,42,0,1,0,1,132,8,0,No
8507,61,1,1,1,2,34,10,0,No
8508,69,1,1,1,5,62,20,1,No
8509,68,1,1,0,4,58,20,1,No
8510,66,1,1,0,1,12,20,1,No
8511,34,1,1,1,2,137,15,0,Yes
8512,36,1,1,0,2,31,8,0,No
8513,47,1,1,0,1,52,15,1,Yes
8514,59,1,1,1,6,135,16,1,Yes
8515,28,1,1,1,6,30,8,0,No
8516,48,1,1,1,4,115,18,1,No
8517,66,1,1,1,5,7,20,1,No
8518,47,1,1,1,6,92,15,1,Yes
8519,44,1,1,0,3,37,18,0,Yes
8520,42,1,1,0,1,52,8,1,No
8521,28,1,1,1,6,64.5,15,1,Yes
8522,60,0,0,1,2,93,20,0,Yes
8523,42,1,1,1,2,63,20,1,No
8524,48,0,0,1,7,62,8,1,No
8525,38,1,1,1,4,73,15,1,Yes
8526,64,1,1,1,7,132,20,1,No
8527,66,1,1,0,1,47,20,1,No
8528,45,1,1,1,3,143,13,1,Yes
8529,52,0,1,0,6,114,8,1,No
8530,54,1,0,0,5,59,13,0,Yes
8531,34,1,0,1,3,238,12,1,No
8532,35,0,0,1,3,81,12,1,No
8533,60,1,1,1,3,144,10,1,No
8534,44,1,1,1,3,102,20,1,No
8535,49,1,1,0,4,90,20,0,Yes
8536,52,1,0,0,2,164.5,16,1,Yes
8537,45,1,0,1,3,96,18,0,No
8538,42,1,1,0,1,54,15,0,Yes
8539,55,1,1,1,7,76,8,1,No
8540,47,1,1,1,2,184,15,1,No
8541,36,1,0,1,2,116,18,1,No
8542,34,1,1,0,4,43,15,1,Yes
8543,42,1,1,1,6,55,15,0,Yes
8544,50,0,1,0,1,21,8,1,No
8545,59,1,1,0,3,24,8,1,No
8546,62,1,1,0,3,58,20,1,No
8547,47,1,1,1,5,234,12,1,No
8548,48,1,1,1,4,107,18,0,Yes
8549,47,1,1,1,5,147,18,1,Yes
8550,45,0,1,1,3,62,20,0,Yes
8551,54,1,0,1,2,68,20,0,No
8552,52,1,1,1,6,92,12,0,No
8553,35,1,1,1,3,164,18,1,No
8554,62,1,1,0,1,7,20,0,Yes
8555,38,0,1,1,4,47,18,1,No
8556,43,1,1,1,4,94,18,1,No
8557,62,0,1,0,1,7,8,0,No
8558,44,1,1,1,2,235,8,1,No
8559,47,1,1,0,1,53,20,1,No
8560,65,1,1,1,3,70,20,1,No
8561,30,1,1,0,2,118.5,8,0,No
8562,52,0,0,1,4,130,18,1,Yes
8563,29,1,1,1,5,61.5,15,1,Yes
8564,45,1,1,0,3,53,20,0,Yes
8565,64,1,1,0,6,97,16,1,Yes
8566,41,1,1,0,1,67,20,1,No
8567,32,1,1,0,3,22,18,1,No
8568,63,1,1,0,1,125,8,0,No
8569,36,1,1,0,2,75,18,1,No
8570,27,1,1,1,7,172,15,1,Yes
8571,43,1,0,1,4,94,12,1,No
8572,55,1,1,1,3,43,20,0,Yes
8573,42,1,0,1,5,175,8,0,No
8574,38,1,1,1,3,119,18,0,Yes
8575,48,1,1,1,4,109,18,0,Yes
8576,39,1,1,1,3,151,18,0,Yes
8577,58,1,1,1,5,136,8,1,No
8578,44,1,1,1,4,118,15,0,Yes
8579,37,1,0,1,5,59,8,1,No
8580,66,1,1,1,6,196,16,0,No
8581,33,1,1,1,5,58,8,0,No
8582,43,1,1,1,2,45.5,8,0,No
8583,68,1,1,1,6,110,16,1,Yes
8584,42,1,1,1,4,112,18,0,Yes
8585,32,1,1,1,6,188,15,0,No
8586,39,1,0,1,5,63,15,0,Yes
8587,57,1,0,1,3,21,16,0,Yes
8588,37,1,1,1,3,211,8,1,No
8589,38,1,1,1,2,34,18,1,No
8590,29,1,1,1,2,45,18,1,No
8591,66,1,1,1,5,18,20,0,Yes
8592,44,1,1,0,2,47,20,0,Yes
8593,37,1,1,0,2,59,18,1,No
8594,47,1,1,1,4,256,15,1,No
8595,49,1,1,0,4,45,13,1,Yes
8596,52,1,1,1,7,39,16,1,Yes
8597,45,1,1,1,2,112,18,1,No
8598,47,1,1,0,3,18,18,0,Yes
8599,68,1,0,0,1,35,16,0,Yes
8600,62,1,1,1,3,34,16,0,Yes
8601,52,1,1,1,5,39,15,1,Yes
8602,34,1,0,1,4,183,8,1,No
8603,33,0,1,0,2,47,8,0,No
8604,52,0,1,1,3,325,18,0,No
8605,30,1,0,0,2,41,18,1,No
8606,39,1,1,1,2,97,18,1,No
8607,37,1,0,1,6,30,12,1,No
8608,61,1,1,1,5,141,13,0,Yes
8609,39,1,1,1,6,82,8,0,No
8610,45,1,1,1,4,12,18,1,No
8611,31,1,0,1,5,159,12,0,No
8612,41,0,1,0,3,79,16,0,Yes
8613,48,1,0,0,1,15,20,1,No
8614,42,1,0,0,1,96,18,0,No
8615,42,1,1,1,2,106,18,0,Yes
8616,62,1,1,1,5,5,20,1,No
8617,40,1,1,1,3,175,18,0,Yes
8618,45,1,1,0,1,104,15,0,Yes
8619,52,1,1,0,2,119.5,18,0,Yes
8620,66,0,1,1,5,28,8,0,No
8621,38,1,1,1,3,218,15,1,No
8622,69,1,0,1,3,80,20,1,No
8623,24,0,1,1,3,152,12,0,No
8624,48,1,1,1,3,29,20,0,Yes
8625,56,1,1,1,3,64,20,0,Yes
8626,56,1,0,1,5,138,20,1,No
8627,56,1,1,0,1,53,16,1,Yes
8628,57,1,1,1,4,122,15,1,Yes
8629,41,1,1,1,5,155,20,1,No
8630,53,1,1,1,5,28,20,1,No
8631,52,1,0,1,4,112,20,1,No
8632,64,1,1,1,2,22,20,0,Yes
8633,43,1,0,1,3,145,20,1,No
8634,51,1,0,0,1,52,20,0,No
8635,33,1,0,1,5,128,12,0,No
8636,69,1,1,1,2,22,20,0,Yes
8637,52,1,1,1,4,79,18,0,Yes
8638,38,1,1,1,5,114,8,1,No
8639,36,1,0,0,2,50,18,1,No
8640,39,1,1,1,4,88,15,1,Yes
8641,48,1,1,1,5,141,12,0,No
8642,56,1,1,0,4,60,16,0,Yes
8643,43,1,1,1,4,124,15,0,Yes
8644,40,1,1,1,4,55,20,1,No
8645,47,1,1,0,2,241,9,1,No
8646,43,1,1,1,4,37,8,1,No
8647,44,1,1,1,2,20,18,0,Yes
8648,40,1,1,1,4,89,18,0,Yes
8649,27,1,1,1,3,43.5,12,1,No
8650,39,1,1,1,2,130,18,0,Yes
8651,57,1,1,0,1,68,20,1,No
8652,52,1,0,0,1,185,16,1,No
8653,43,1,1,1,2,41,18,1,No
8654,46,1,1,1,4,120.5,18,0,Yes
8655,40,1,1,1,6,270,15,0,No
8656,46,1,1,0,3,68,18,0,Yes
8657,64,1,1,1,3,21,8,1,No
8658,30,1,0,1,2,173,12,0,No
8659,47,1,0,1,4,118,15,1,Yes
8660,45,1,1,1,2,230,10,0,No
8661,35,0,1,1,3,78,12,1,No
8662,53,0,0,0,2,35,8,1,No
8663,57,1,0,1,4,99,13,0,Yes
8664,66,1,1,1,2,298,20,0,No
8665,45,1,1,1,3,91,20,0,Yes
8666,42,0,1,1,2,41,20,0,Yes
8667,46,1,0,1,4,84,16,1,Yes
8668,39,0,1,0,1,56.5,8,1,No
8669,32,0,0,1,3,187,12,0,No
8670,48,1,1,0,2,31,15,1,Yes
8671,45,1,1,1,5,63,15,0,Yes
8672,51,1,0,1,3,47,20,0,No
8673,40,1,1,1,5,42,15,1,Yes
8674,51,0,1,0,1,131.5,18,1,No
8675,30,1,0,0,1,66,12,1,No
8676,51,1,1,0,2,90,18,1,No
8677,62,1,1,1,3,147,20,1,No
8678,46,1,1,1,3,139,15,0,Yes
8679,69,1,0,0,1,87,8,1,No
8680,44,1,0,1,2,85,15,0,Yes
8681,69,1,0,1,3,60,13,1,Yes
8682,40,0,1,1,4,109,12,0,No
8683,32,0,0,1,3,76,11,0,No
8684,68,1,0,1,2,112,16,0,Yes
8685,43,1,1,1,2,152,18,0,Yes
8686,47,0,1,1,7,75,20,0,Yes
8687,45,1,1,0,1,73,9,1,No
8688,47,1,1,1,4,80,20,0,Yes
8689,39,1,1,1,4,160,15,0,Yes
8690,33,0,1,1,2,98,8,1,No
8691,46,1,1,0,3,19,18,1,No
8692,39,1,1,1,2,219,15,1,No
8693,37,1,0,1,5,126,15,1,Yes
8694,51,1,0,1,5,131,13,0,Yes
8695,58,1,1,1,2,93,20,1,No
8696,23,1,1,0,1,42,17,1,No
8697,47,1,1,1,2,173,15,1,Yes
8698,53,1,1,1,4,178,20,0,Yes
8699,54,1,1,1,3,168,20,1,No
8700,56,1,1,1,2,31,20,1,No
8701,61,1,1,1,2,67,20,0,Yes
8702,46,1,1,1,4,28,20,0,Yes
8703,51,1,1,1,3,38,20,1,No
8704,53,1,1,1,3,158,18,0,Yes
8705,38,0,1,1,4,546,15,1,No
8706,53,0,0,1,2,144,20,1,No
8707,35,1,0,0,2,28,8,0,No
8708,63,1,1,1,3,169,20,0,Yes
8709,47,1,1,1,2,56,18,1,No
8710,50,1,0,1,3,36,9,1,No
8711,49,1,1,1,5,73,20,0,Yes
8712,49,1,1,1,5,280,15,0,No
8713,58,1,1,1,3,14,20,0,Yes
8714,58,1,0,1,2,80,16,1,Yes
8715,52,1,0,1,6,150,16,1,Yes
8716,52,0,1,1,5,100,15,0,Yes
8717,48,1,1,1,2,140,20,1,No
8718,34,1,1,1,3,79.5,15,0,Yes
8719,51,1,1,1,6,103,18,0,Yes
8720,56,1,1,1,2,82,18,0,Yes
8721,40,1,1,1,5,160,15,1,Yes
8722,58,1,1,1,4,154,20,0,Yes
8723,44,1,1,1,2,73,20,1,No
8724,64,1,1,1,2,75,20,1,No
8725,54,1,0,1,3,123,18,0,No
8726,39,0,1,1,5,83,15,0,Yes
8727,34,1,1,1,3,36,15,0,Yes
8728,33,1,1,0,1,70,18,1,No
8729,51,1,1,1,7,134,12,0,No
8730,53,1,1,1,5,176,12,1,No
8731,41,1,0,1,5,110,15,1,Yes
8732,42,0,1,1,6,129,18,0,Yes
8733,34,1,1,1,4,172,15,0,Yes
8734,56,1,1,1,3,121,15,1,Yes
8735,64,1,1,0,1,99,20,1,No
8736,30,1,1,0,4,13,11,1,No
8737,73,1,1,1,3,91,13,0,Yes
8738,65,1,0,1,4,122,20,1,No
8739,50,1,0,1,2,332,16,1,No
8740,52,1,0,0,1,32,8,0,No
8741,60,1,1,1,3,79,20,0,Yes
8742,43,1,0,1,4,77,12,0,No
8743,59,1,1,1,4,108,10,1,No
8744,38,1,1,1,3,173,15,0,Yes
8745,40,1,1,0,2,24,9,1,No
8746,38,0,0,1,6,10.5,8,1,No
8747,37,0,1,1,7,64,8,1,No
8748,61,1,1,1,4,58,20,0,Yes
8749,41,1,0,1,3,70,15,0,Yes
8750,58,1,1,0,1,75,20,0,Yes
8751,48,1,1,1,2,41,8,0,No
8752,59,1,1,1,3,93,20,0,Yes
8753,53,1,1,1,2,164,15,1,Yes
8754,76,0,1,1,5,67,8,1,No
8755,43,1,1,0,4,52,8,1,No
8756,32,1,0,0,1,73,8,0,No
8757,40,1,1,1,6,147,18,0,Yes
8758,26,1,0,1,4,114,12,0,No
8759,58,1,1,1,4,78,20,0,Yes
8760,53,1,1,1,3,29,12,0,No
8761,30,1,0,1,2,72,15,0,Yes
8762,50,1,1,1,2,57,15,0,Yes
8763,39,0,1,1,4,213,18,0,Yes
8764,39,1,1,0,3,75,8,0,No
8765,43,1,1,1,3,94,18,1,No
8766,35,0,1,1,5,80,8,1,No
8767,45,0,1,1,3,6,20,0,Yes
8768,61,1,1,1,4,96,8,0,No
8769,51,0,1,0,2,122,8,0,No
8770,44,1,0,1,4,99,15,1,Yes
8771,41,0,1,1,2,108,18,1,No
8772,45,1,1,0,1,42,18,0,Yes
8773,52,1,0,1,5,185,18,0,No
8774,33,1,1,1,3,144,15,1,Yes
8775,41,1,1,1,3,91,18,0,Yes
8776,62,1,1,1,5,81,16,1,Yes
8777,47,1,1,1,4,126,15,0,Yes
8778,55,1,0,1,4,32,18,0,No
8779,59,1,1,0,1,21,20,0,Yes
8780,42,1,1,1,2,62,15,1,Yes
8781,52,1,1,1,4,150,20,0,Yes
8782,43,0,1,1,6,245,13,1,No
8783,55,1,1,1,3,67.5,16,0,Yes
8784,59,1,0,1,2,71,20,0,No
8785,65,0,1,1,3,124,20,1,No
8786,46,1,1,1,5,4,16,0,Yes
8787,68,1,1,1,2,86,20,0,Yes
8788,29,1,1,1,6,99,15,0,Yes
8789,68,1,1,1,6,232,10,1,No
8790,40,1,1,0,2,24,18,1,No
8791,46,1,1,0,1,23,8,1,No
8792,40,1,1,1,5,213,15,0,No
8793,60,0,1,1,5,153,20,0,Yes
8794,53,1,1,0,4,124.5,8,0,No
8795,48,1,0,1,4,417,15,1,No
8796,36,1,1,1,3,84,8,1,No
8797,48,1,0,1,2,12,8,0,No
8798,62,0,1,1,3,76,20,0,Yes
8799,45,1,1,1,6,177,15,0,No
8800,52,1,1,1,4,131,18,1,No
8801,38,1,1,1,5,96,12,1,No
8802,48,1,1,1,6,88,18,0,Yes
8803,60,1,1,0,1,10.5,8,1,No
8804,48,1,0,1,3,76,20,1,No
8805,46,1,1,1,3,81,18,0,Yes
8806,52,1,1,1,3,39,20,1,No
8807,38,1,0,1,4,58,12,1,No
8808,31,1,0,0,1,85,18,0,No
8809,44,1,1,1,4,358,8,0,No
8810,48,1,1,1,3,197.5,18,1,No
8811,25,1,1,1,4,112,12,0,No
8812,31,1,1,1,3,5,18,0,Yes
8813,53,1,1,0,1,9,20,0,Yes
8814,50,0,1,1,3,37,20,0,Yes
8815,48,1,1,1,3,77,8,1,No
8816,52,1,0,0,3,165,18,1,No
8817,35,1,1,0,1,78,9,0,No
8818,55,1,1,0,1,48,16,1,Yes
8819,51,1,1,1,3,32,9,1,No
8820,45,1,0,1,3,159,15,0,Yes
8821,32,0,1,1,2,47.5,8,1,No
8822,46,0,1,0,1,72,8,0,No
8823,34,1,0,1,4,175,15,0,No
8824,44,1,1,1,6,104,10,1,No
8825,63,1,1,0,1,133,20,1,No
8826,50,1,0,1,3,5,20,1,No
8827,71,1,1,0,5,20,10,0,No
8828,28,0,1,1,6,106,8,0,No
8829,57,1,1,1,5,118,20,1,No
8830,30,1,1,0,4,171,12,0,No
8831,60,1,1,1,3,87,16,0,Yes
8832,34,1,0,1,3,57,15,0,Yes
8833,40,1,1,0,2,41,8,0,No
8834,49,1,1,1,3,88,15,1,Yes
8835,46,1,1,1,4,168,15,1,Yes
8836,40,1,1,1,4,19,18,0,Yes
8837,51,1,1,1,2,134,20,1,No
8838,60,1,1,0,5,70,16,1,Yes
8839,22,1,1,1,2,168,12,0,No
8840,63,1,0,1,2,100,20,1,No
8841,50,1,1,0,1,85.5,15,1,Yes
8842,78,0,1,1,3,125,8,0,No
8843,47,1,0,1,3,44,18,1,No
8844,59,1,0,1,7,112,16,1,Yes
8845,36,1,1,1,6,357,15,0,No
8846,38,0,1,1,5,97,18,1,No
8847,37,1,1,1,3,237,12,1,No
8848,47,1,0,1,3,160,15,1,Yes
8849,35,1,1,1,5,92,18,1,No
8850,22,1,1,1,5,104,12,0,No
8851,59,1,1,1,3,139,20,1,No
8852,38,1,1,1,3,166,12,1,No
8853,44,0,1,1,4,168,18,0,Yes
8854,53,1,1,1,6,151,12,0,No
8855,42,1,1,1,5,138,9,1,No
8856,44,1,1,1,4,65,15,0,Yes
8857,53,0,1,0,3,19,18,1,No
8858,47,1,1,1,2,41,20,0,Yes
8859,67,1,1,1,5,212,10,0,No
8860,25,1,0,1,2,132,15,0,Yes
8861,48,1,1,1,3,40,15,0,Yes
8862,37,1,0,1,3,89,8,0,No
8863,34,1,0,0,2,12.5,8,1,No
8864,52,1,1,1,2,102,18,1,No
8865,36,1,1,1,4,84,18,1,No
8866,47,1,1,1,3,159,18,1,No
8867,75,0,1,0,4,4,8,0,No
8868,48,1,1,1,4,82,20,0,Yes
8869,52,1,1,1,6,107,18,0,Yes
8870,65,1,1,1,4,133,20,0,Yes
8871,43,1,1,1,5,226,15,1,No
8872,60,1,1,0,1,24,20,1,Yes
8873,33,1,1,1,4,103,15,1,Yes
8874,60,1,1,1,6,35,20,1,No
8875,37,1,1,1,6,211,12,1,No
8876,54,1,1,1,3,101,13,1,Yes
8877,36,1,1,0,1,56,18,1,No
8878,32,1,1,1,3,147.5,18,1,No
8879,54,0,1,0,1,42,8,0,No
8880,31,1,0,1,4,135,18,1,No
8881,46,1,0,1,2,32,20,1,No
8882,45,1,1,1,5,107,15,0,Yes
8883,47,1,1,0,1,51,15,1,Yes
8884,47,0,1,0,4,63,15,1,Yes
8885,38,1,1,1,3,208,15,1,No
8886,64,1,1,0,1,42,8,1,No
8887,70,0,0,1,3,145,20,0,No
8888,37,1,1,1,5,205,18,1,No
8889,47,0,1,0,1,31,20,0,Yes
8890,37,1,1,1,3,119,15,1,Yes
8891,52,0,1,0,3,98,18,0,Yes
8892,38,1,1,1,4,117,18,1,No
8893,61,1,0,1,4,34,13,0,Yes
8894,39,0,0,0,2,49,8,0,No
8895,38,1,1,1,2,128.5,18,0,Yes
8896,45,1,1,1,7,147,15,0,Yes
8897,39,1,1,1,2,79,18,1,No
8898,38,1,1,1,3,161,12,0,No
8899,34,1,0,0,1,161,18,1,No
8900,31,1,1,1,3,126,15,1,Yes
8901,73,1,0,1,3,43,20,0,No
8902,37,1,0,1,5,127,8,0,No
8903,40,1,0,1,3,91,15,1,Yes
8904,70,1,1,0,3,41,20,1,Yes
8905,60,0,1,0,1,149,20,0,Yes
8906,63,1,1,1,2,141,20,1,No
8907,55,1,1,0,1,102,20,0,Yes
8908,48,0,1,0,1,56.5,9,1,No
8909,69,1,1,1,3,16,20,1,No
8910,55,1,1,1,3,92,16,0,Yes
8911,45,1,1,1,6,137,12,1,No
8912,42,1,1,1,2,72,18,1,No
8913,29,0,0,0,2,77,8,1,No
8914,43,1,1,1,4,94,18,1,No
8915,47,0,1,0,3,42,8,1,No
8916,60,1,1,1,3,64,13,0,Yes
8917,39,1,1,1,3,169,18,1,No
8918,36,0,1,1,6,101,15,1,Yes
8919,36,1,1,1,5,33,12,0,No
8920,45,1,1,1,4,102,18,1,No
8921,34,1,1,1,2,71,18,1,No
8922,47,1,1,1,3,25,15,1,Yes
8923,52,1,1,0,1,19,18,1,No
8924,48,1,1,1,5,83,20,0,Yes
8925,50,1,1,1,5,55.5,20,1,No
8926,36,1,1,1,6,53,18,0,Yes
8927,47,0,1,1,6,99,8,0,No
8928,42,1,0,0,2,145,9,0,No
8929,20,1,1,0,1,159.5,18,1,No
8930,31,1,1,1,3,54,8,1,No
8931,40,1,0,1,2,256,18,1,No
8932,36,0,1,1,6,111,8,0,No
8933,40,0,1,1,3,42,15,0,Yes
8934,62,1,1,0,2,54,20,0,Yes
8935,56,1,1,0,1,486,20,1,No
8936,33,1,1,1,3,122,11,1,No
8937,41,1,1,1,5,498,16,0,No
8938,49,1,1,0,1,8,10,1,No
8939,48,1,1,1,7,108,12,1,No
8940,47,1,1,1,2,34,20,1,No
8941,40,1,1,0,2,24,8,0,No
8942,50,1,1,1,3,282,18,0,No
8943,36,1,1,1,7,455,15,1,No
8944,60,1,1,1,7,211,16,0,No
8945,55,1,1,1,4,155,18,0,Yes
8946,48,1,0,1,5,172,20,0,No
8947,40,1,1,1,4,131,12,1,No
8948,50,1,1,0,1,153,9,1,No
8949,36,1,1,1,6,142,15,1,Yes
8950,42,1,1,1,4,178,8,0,No
8951,46,0,1,1,3,76,8,1,No
8952,68,1,1,1,2,95,20,0,Yes
8953,60,1,1,1,3,187,8,1,No
8954,32,1,1,1,5,226,8,0,No
8955,38,1,1,1,5,55,8,1,No
8956,41,1,1,0,3,4,18,1,No
8957,35,1,1,1,2,175,18,1,No
8958,41,1,1,1,2,22,8,0,No
8959,43,1,1,1,3,65,18,1,No
8960,54,1,0,0,1,85,20,1,No
8961,62,1,1,1,4,15,20,1,No
8962,41,0,1,1,4,208,15,1,No
8963,58,1,1,1,4,147,10,0,No
8964,57,1,1,1,4,104,8,0,No
8965,45,1,1,1,5,19,15,1,Yes
8966,39,1,1,1,5,104,18,1,No
8967,45,1,1,1,7,136,20,0,Yes
8968,46,1,0,1,2,110,15,1,Yes
8969,66,0,1,1,3,10,20,0,Yes
8970,41,1,1,1,6,158,8,1,No
8971,42,1,1,1,2,101,18,1,No
8972,46,1,1,1,4,69,8,0,No
8973,23,1,1,1,3,56,17,1,No
8974,35,0,0,1,5,94,18,1,Yes
8975,52,0,1,1,2,88,18,0,Yes
8976,32,1,1,0,4,15,15,1,Yes
8977,59,1,1,1,2,113,13,0,Yes
8978,63,1,1,1,3,133,20,0,Yes
8979,27,1,1,1,4,41,15,1,Yes
8980,49,1,0,1,4,119,16,1,Yes
8981,49,1,0,0,2,73,18,0,No
8982,40,1,1,0,3,6,18,1,No
8983,29,1,1,1,3,135,12,1,No
8984,52,1,1,1,6,119,15,0,Yes
8985,36,1,0,0,1,116,18,1,No
8986,54,1,1,1,6,54,10,0,No
8987,32,1,1,1,3,115,12,0,No
8988,43,0,1,1,3,56,18,1,No
8989,51,1,1,1,2,63.5,13,0,Yes
8990,40,1,0,0,1,38,18,0,No
8991,44,1,1,1,5,94,18,0,Yes
8992,65,1,1,1,4,142,20,1,No
8993,46,1,0,1,3,52,15,0,Yes
8994,45,1,1,0,1,39,8,1,No
8995,73,1,1,1,3,85,16,0,Yes
8996,24,1,1,1,3,137,18,0,Yes
8997,43,0,1,1,2,133,15,1,Yes
8998,28,1,1,1,6,91,12,1,No
8999,52,1,1,1,3,209,18,1,No
9000,66,1,1,0,2,31,20,1,No
9001,38,0,1,0,2,13,8,0,No
9002,51,0,1,1,4,31,18,0,Yes
9003,61,1,1,1,4,174.5,10,1,No
9004,60,1,1,1,5,160,20,1,No
9005,47,1,1,1,5,63,15,1,Yes
9006,47,1,1,1,4,8,8,1,No
9007,51,1,1,0,2,69,20,0,Yes
9008,48,1,0,0,2,46,9,1,No
9009,60,0,1,1,2,128,20,0,Yes
9010,34,1,1,0,1,54,14,1,Yes
9011,32,0,1,0,1,7,8,1,No
9012,52,0,1,0,3,37,13,1,Yes
9013,65,0,0,1,4,137,20,1,No
9014,40,1,1,1,4,127,8,0,No
9015,31,1,1,1,5,160,12,0,No
9016,32,1,1,1,3,506,15,1,No
9017,46,1,0,1,4,101,15,1,Yes
9018,27,1,1,1,4,98,15,1,Yes
9019,38,1,0,1,5,175,18,0,No
9020,38,1,0,1,4,22,15,0,Yes
9021,34,1,1,1,5,93,18,1,No
9022,45,1,1,0,1,14,8,1,Yes
9023,33,1,0,1,3,84,11,0,No
9024,45,0,1,1,3,96,8,1,No
9025,51,1,1,1,4,94,18,1,No
9026,53,1,1,1,3,132,20,1,No
9027,35,1,1,0,3,98,9,0,No
9028,54,0,1,1,5,102,20,0,Yes
9029,37,1,1,1,5,55,18,0,Yes
9030,60,1,1,1,2,102,20,0,Yes
9031,60,1,1,1,3,66,20,0,Yes
9032,44,1,1,1,3,98,18,1,No
9033,38,1,1,0,1,8,15,1,Yes
9034,31,1,1,0,1,11,18,0,Yes
9035,51,1,1,0,1,5,8,0,No
9036,32,1,1,0,5,66,8,1,No
9037,46,1,1,0,1,6,18,1,No
9038,30,1,0,1,2,15,17,1,No
9039,47,1,0,1,3,78,20,0,No
9040,42,1,1,0,1,44,20,0,Yes
9041,39,0,1,1,4,72,8,1,No
9042,44,1,1,1,5,156,15,0,Yes
9043,43,1,1,1,2,57,18,1,No
9044,51,1,1,1,2,210,20,0,Yes
9045,45,1,1,1,6,499,18,1,No
9046,42,0,1,1,5,253,12,0,No
9047,56,1,1,1,3,103,20,0,Yes
9048,61,1,1,1,3,128,20,0,Yes
9049,56,1,1,0,2,43,18,1,No
9050,37,1,1,1,3,122,18,1,No
9051,55,0,1,1,5,38,15,0,Yes
9052,46,1,0,1,2,46,20,0,No
9053,37,1,1,1,2,20,18,0,Yes
9054,42,0,1,1,3,13,8,0,No
9055,31,1,1,1,4,151.5,15,0,Yes
9056,47,1,1,1,2,116,18,0,Yes
9057,35,1,1,1,4,108,15,0,Yes
9058,35,1,1,1,3,128,15,0,Yes
9059,47,0,1,1,3,138,8,0,No
9060,45,1,1,1,4,142,15,0,Yes
9061,37,1,1,1,2,104,12,1,No
9062,55,1,1,1,2,110,12,0,No
9063,59,1,1,1,3,48,20,1,No
9064,61,1,1,1,5,121,16,0,Yes
9065,79,1,1,1,4,43,20,1,No
9066,39,1,1,1,7,144,18,1,No
9067,40,0,0,1,2,163,8,0,No
9068,52,0,1,1,4,61,13,0,Yes
9069,67,0,0,1,3,62,20,0,No
9070,49,1,1,1,5,99,12,0,No
9071,37,1,1,1,5,61,15,1,Yes
9072,43,1,1,1,6,97,8,0,No
9073,47,1,0,1,5,83,15,1,Yes
9074,56,1,0,1,2,142,20,1,No
9075,43,1,1,1,6,88,12,1,No
9076,55,1,1,1,2,102,18,0,Yes
9077,49,1,1,0,1,95,8,1,No
9078,41,0,0,0,6,86,18,1,No
9079,53,1,0,1,3,53,18,1,No
9080,45,1,1,1,7,187,13,1,Yes
9081,66,1,1,1,3,132,20,0,Yes
9082,51,1,1,1,3,53,12,1,No
9083,58,1,1,1,2,280,20,1,No
9084,21,1,1,1,5,157,12,0,No
9085,44,0,0,0,1,102.5,8,0,No
9086,69,1,0,1,3,86,20,0,No
9087,49,1,0,1,3,175,15,0,No
9088,45,1,1,0,5,41,8,1,No
9089,58,1,1,1,5,95,13,0,Yes
9090,63,1,1,1,3,68,13,0,Yes
9091,39,1,0,1,4,68,15,1,Yes
9092,46,1,1,1,3,151,18,0,Yes
9093,37,1,1,0,4,131,18,1,No
9094,48,0,0,1,3,59.5,15,0,Yes
9095,54,1,1,1,4,81,15,1,Yes
9096,32,1,1,1,3,64,15,1,Yes
9097,61,0,0,1,2,67,20,1,No
9098,42,0,1,1,7,124,8,1,No
9099,54,1,1,0,1,101,18,0,Yes
9100,36,1,1,0,3,77,12,1,No
9101,31,1,1,1,2,81,18,0,Yes
9102,43,1,1,1,5,155,8,0,No
9103,32,1,1,1,4,399,15,0,No
9104,29,1,1,1,4,173,15,1,Yes
9105,43,0,1,0,1,374,18,0,No
9106,68,1,1,1,2,35,20,1,No
9107,62,1,0,1,3,21,10,0,No
9108,57,1,1,1,2,153,16,1,Yes
9109,36,0,0,1,3,112,15,0,Yes
9110,59,1,0,1,4,131,15,1,Yes
9111,51,1,1,1,2,6,12,1,No
9112,59,1,1,1,4,40,20,0,Yes
9113,32,1,1,1,5,129,12,0,No
9114,29,1,1,1,5,95,17,0,No
9115,35,1,1,1,3,120,12,1,No
9116,54,1,0,1,5,61,18,0,No
9117,52,1,0,1,3,78,15,0,Yes
9118,39,1,1,1,4,62,8,1,No
9119,38,0,1,1,4,252,9,0,No
9120,48,0,0,1,3,95,18,1,No
9121,59,1,1,1,4,96,20,0,Yes
9122,31,1,1,1,4,78,12,1,No
9123,61,0,0,0,1,23,13,0,Yes
9124,56,1,1,1,3,177,18,1,No
9125,48,1,1,1,5,121,20,1,No
9126,52,1,0,1,3,118,18,1,No
9127,55,1,1,1,3,68,20,1,No
9128,51,1,1,1,3,340,20,1,No
9129,58,0,1,1,5,361,18,0,No
9130,56,0,1,0,1,58.5,10,1,No
9131,58,1,1,0,2,24,20,1,No
9132,53,1,1,0,5,37,20,0,Yes
9133,49,1,1,0,1,31,12,0,No
9134,46,1,1,1,4,63,18,0,Yes
9135,36,1,1,0,2,5,9,1,No
9136,59,1,1,0,1,46,20,1,No
9137,41,1,1,1,3,105,18,1,No
9138,39,0,1,0,3,17,8,0,No
9139,26,1,1,1,4,68,15,1,Yes
9140,35,1,1,0,2,99,8,1,No
9141,51,1,1,1,5,240,20,1,No
9142,39,1,1,1,2,89,9,1,No
9143,51,1,1,1,5,90,18,1,No
9144,63,1,1,1,2,23,20,0,Yes
9145,25,0,1,0,1,19,15,1,Yes
9146,47,1,1,1,5,67,18,1,No
9147,48,1,1,0,1,128,18,0,Yes
9148,35,0,1,1,6,55,8,1,No
9149,42,1,1,1,4,75,9,0,No
9150,36,1,0,1,3,158,18,1,No
9151,42,1,1,1,5,117,8,0,No
9152,34,1,1,1,6,173,15,1,Yes
9153,51,1,1,1,6,4,15,1,Yes
9154,49,1,0,1,4,83,15,0,Yes
9155,32,1,1,1,5,206,15,1,No
9156,35,1,0,1,2,118,15,0,Yes
9157,34,1,0,1,3,131,15,0,Yes
9158,48,1,1,0,1,69,20,0,Yes
9159,36,1,0,1,3,75,12,1,No
9160,33,1,1,1,5,127,15,1,Yes
9161,42,1,1,1,6,175,20,0,Yes
9162,40,1,1,0,3,174,12,0,No
9163,45,1,1,1,2,120,18,1,No
9164,78,1,1,1,2,158.5,8,0,No
9165,76,1,0,0,3,10,20,1,No
9166,46,1,1,1,6,352,20,1,No
9167,34,1,1,1,6,157,12,1,No
9168,46,1,1,0,1,58,20,1,No
9169,35,1,1,0,1,50,9,0,No
9170,59,1,1,0,1,86,20,0,Yes
9171,62,1,1,0,5,29,8,1,No
9172,55,1,1,1,6,107,20,1,No
9173,71,1,1,1,3,109,16,0,Yes
9174,39,1,1,0,1,6,8,1,No
9175,34,1,1,0,1,77,15,1,Yes
9176,47,1,1,1,6,4,15,1,Yes
9177,34,0,1,1,4,4,8,1,No
9178,62,0,1,1,3,50,10,1,No
9179,50,0,1,1,2,110,20,0,Yes
9180,28,0,1,1,5,174,12,0,No
9181,58,1,0,0,2,26,8,0,No
9182,46,1,1,1,4,205,9,1,No
9183,45,1,0,1,3,124,15,1,Yes
9184,59,1,0,1,3,157,20,1,No
9185,59,0,1,1,3,63,8,1,No
9186,32,1,1,1,3,120,11,0,No
9187,36,1,1,1,2,44,18,0,Yes
9188,34,1,0,0,4,58,18,0,No
9189,32,1,1,1,2,119,12,1,No
9190,45,1,1,1,7,78.5,8,0,No
9191,50,1,1,1,4,109,20,0,Yes
9192,38,0,1,1,3,76,8,0,No
9193,46,1,1,1,3,77,15,0,Yes
9194,43,1,1,1,3,124,18,1,No
9195,57,1,1,1,2,199,20,1,No
9196,39,1,1,1,5,21,18,1,No
9197,50,1,1,1,3,21,9,1,No
9198,60,1,1,1,2,55.5,20,0,Yes
9199,50,1,1,1,2,150,18,0,Yes
9200,44,1,0,1,2,111,18,0,No
9201,54,1,1,1,2,7,18,0,Yes
9202,51,1,1,1,3,38,20,1,No
9203,32,0,1,1,3,135,15,0,Yes
9204,28,1,1,1,5,207,15,1,No
9205,41,1,0,1,6,181,12,0,No
9206,43,1,1,0,1,41,13,1,Yes
9207,52,1,0,1,3,153,20,0,No
9208,31,1,0,1,6,151,15,0,Yes
9209,65,0,1,0,2,10.5,8,1,No
9210,57,0,1,0,1,124.5,8,0,No
9211,37,1,1,1,4,100,15,1,Yes
9212,35,0,1,0,1,34,8,1,No
9213,35,1,1,1,3,58,18,0,Yes
9214,35,1,1,0,1,31,12,0,No
9215,61,1,1,0,1,25,20,0,Yes
9216,39,1,1,1,3,101,15,1,Yes
9217,59,1,0,1,4,137,15,1,Yes
9218,42,1,1,1,3,92.5,20,0,Yes
9219,40,0,1,0,1,408,18,1,No
9220,59,1,1,0,4,48,16,1,Yes
9221,56,1,0,0,1,47,20,1,No
9222,40,1,1,1,4,70,18,0,Yes
9223,40,1,1,1,5,45,15,0,Yes
9224,51,1,0,1,3,50,15,0,Yes
9225,64,0,0,0,1,127,20,1,No
9226,38,1,1,1,4,105,15,1,Yes
9227,51,1,1,1,2,73,18,0,Yes
9228,36,1,1,1,5,473,15,0,No
9229,54,1,1,1,4,97,16,1,Yes
9230,30,1,1,0,1,34,18,1,No
9231,54,0,1,1,6,4,16,0,Yes
9232,30,1,0,0,1,66.5,15,0,Yes
9233,63,1,1,1,4,137.5,8,0,No
9234,35,1,1,0,2,101,12,0,No
9235,57,1,1,1,3,145,15,0,Yes
9236,32,0,0,1,4,149,18,1,No
9237,47,1,1,1,4,309,15,1,No
9238,69,0,1,1,6,5,20,1,No
9239,58,1,1,1,2,154,20,1,No
9240,58,1,0,0,1,104,8,1,No
9241,55,1,1,1,2,88,18,1,No
9242,66,1,1,0,1,45.5,20,1,No
9243,31,1,1,1,4,159,15,0,Yes
9244,44,0,1,1,4,162,12,0,No
9245,66,1,1,1,4,36,8,1,No
9246,54,1,1,0,2,45,20,0,Yes
9247,42,1,1,1,2,53,18,1,No
9248,39,1,1,1,3,174,15,0,Yes
9249,57,1,1,1,5,70,18,0,Yes
9250,53,0,0,0,1,33,20,0,No
9251,49,0,1,1,3,29,20,0,Yes
9252,33,1,1,0,2,37,8,0,No
9253,30,0,1,0,1,59,8,1,No
9254,25,1,1,1,5,115,8,1,No
9255,42,1,0,1,3,124,18,0,No
9256,72,1,0,1,3,62,20,0,No
9257,59,1,1,1,4,191,16,0,No
9258,43,1,1,1,3,164,15,1,Yes
9259,35,0,1,1,3,35,8,0,No
9260,45,1,1,1,5,100,15,0,Yes
9261,30,1,1,1,4,116,15,1,Yes
9262,65,1,0,1,5,34,20,0,No
9263,43,1,1,1,6,112,13,0,Yes
9264,59,1,0,1,4,364,20,1,No
9265,33,1,0,1,2,92,15,1,Yes
9266,64,1,1,1,7,146,16,1,Yes
9267,68,0,1,1,3,32,8,0,No
9268,45,1,1,0,1,127,18,0,Yes
9269,52,0,0,1,3,134,15,1,Yes
9270,50,0,1,1,2,95,18,1,No
9271,51,1,1,0,3,84,15,1,Yes
9272,46,1,0,1,2,104.5,18,1,No
9273,48,0,1,0,1,41.5,8,1,No
9274,34,1,1,1,3,231,18,1,No
9275,48,0,0,1,2,120.5,20,1,No
9276,53,1,0,1,2,68,20,0,No
9277,46,0,1,1,6,114,8,1,No
9278,44,1,1,0,3,19,8,0,No
9279,70,1,1,1,2,68,20,1,No
9280,66,1,1,0,3,27,20,0,Yes
9281,51,1,1,1,3,186,15,0,No
9282,69,1,1,1,2,30,8,1,Yes
9283,55,1,1,1,3,14,20,1,No
9284,61,1,1,1,3,126,20,0,Yes
9285,35,1,1,0,2,23,18,0,Yes
9286,63,1,1,1,6,31,8,0,No
9287,32,1,1,1,3,78,18,1,No
9288,40,1,1,1,6,87,18,0,Yes
9289,54,1,1,1,2,95,18,1,No
9290,41,1,0,1,2,43,8,1,No
9291,33,1,1,1,6,88.5,8,0,No
9292,43,1,1,0,1,22,18,0,Yes
9293,48,0,0,0,1,124,18,0,No
9294,50,1,1,1,2,72,10,1,No
9295,50,1,1,1,7,143,12,1,No
9296,38,1,0,1,2,73,15,0,Yes
9297,43,1,1,1,3,91,15,0,Yes
9298,27,1,1,1,2,157,12,0,No
9299,55,1,0,1,2,69.5,20,0,No
9300,58,1,1,1,2,18,20,0,Yes
9301,40,0,0,0,1,69,9,1,No
9302,33,1,1,0,1,23,11,1,No
9303,35,1,1,0,3,31,15,1,Yes
9304,38,0,0,1,4,87,15,1,Yes
9305,58,1,1,1,4,110,16,1,Yes
9306,63,1,1,0,2,41,20,1,No
9307,31,1,1,1,2,108.5,9,1,No
9308,54,1,1,0,1,28,16,0,Yes
9309,42,1,1,1,6,50,9,1,No
9310,62,0,1,0,1,49,20,1,No
9311,59,1,0,0,1,13.5,20,1,No
9312,33,1,1,1,4,79,11,1,No
9313,50,0,1,1,3,131,18,0,Yes
9314,56,0,1,0,1,151,20,0,Yes
9315,32,1,1,0,1,65.5,18,0,Yes
9316,59,1,1,0,2,119,20,0,Yes
9317,32,1,1,0,5,121,15,0,Yes
9318,38,1,0,1,3,71,18,1,No
9319,41,1,1,1,6,134,12,1,No
9320,54,1,1,0,1,5,8,0,No
9321,33,1,1,1,6,93,15,0,Yes
9322,46,1,1,1,2,168,18,0,Yes
9323,61,1,0,1,4,88,13,0,Yes
9324,63,1,1,1,5,40,20,0,Yes
9325,30,1,1,1,6,412,15,0,Yes
9326,49,1,1,0,1,52,18,1,No
9327,30,1,1,1,3,75,15,1,Yes
9328,50,1,0,1,3,86,20,0,No
9329,36,1,1,0,7,5,15,1,Yes
9330,42,1,1,1,7,129,15,1,Yes
9331,56,1,1,1,2,181,16,0,No
9332,33,1,1,1,4,78,12,0,No
9333,47,1,1,0,2,13,13,0,Yes
9334,41,0,1,1,2,38,8,0,No
9335,38,1,1,1,5,68,8,0,No
9336,64,0,1,1,5,31,8,0,No
9337,46,1,1,1,6,186,16,1,No
9338,55,1,1,1,2,124,10,0,No
9339,33,1,1,1,2,205,15,1,No
9340,48,1,1,1,2,418,15,0,No
9341,24,0,0,0,6,122,8,1,No
9342,69,1,1,0,1,125,20,1,No
9343,50,1,0,0,4,126,18,0,No
9344,56,1,0,1,5,120,16,0,Yes
9345,41,0,1,1,5,115,8,0,No
9346,37,1,0,1,2,57,15,0,Yes
9347,56,1,1,1,5,39,15,0,Yes
9348,39,1,1,1,2,382,15,0,No
9349,34,1,1,1,5,61,14,1,Yes
9350,39,1,1,1,2,54,12,0,No
9351,46,1,0,1,2,318,16,1,No
9352,48,0,1,1,3,36,13,1,Yes
9353,46,0,1,0,3,46.5,8,0,No
9354,41,1,1,1,5,143,15,0,Yes
9355,40,0,1,1,4,107,8,0,No
9356,46,1,1,1,5,89,12,1,No
9357,58,1,1,1,3,122,20,0,Yes
9358,33,1,0,1,4,271,15,1,No
9359,49,0,1,1,5,140,8,0,No
9360,50,1,0,1,4,143,18,0,No
9361,74,1,1,1,2,104,20,0,Yes
9362,40,1,1,0,1,47.5,9,1,No
9363,24,1,1,1,5,71,12,0,No
9364,45,1,1,1,3,222,15,1,No
9365,25,1,1,1,6,99,12,1,No
9366,42,1,0,1,3,168.5,15,1,Yes
9367,39,1,1,1,5,82,15,1,Yes
9368,34,1,1,1,2,151,12,0,No
9369,50,1,1,1,2,43,20,1,No
9370,52,1,1,1,4,116,15,1,Yes
9371,23,1,0,1,2,131,12,0,No
9372,55,1,1,0,3,74,18,1,No
9373,47,1,0,1,2,77,20,0,No
9374,57,1,1,1,5,43,20,0,Yes
9375,47,0,1,0,1,140,8,1,No
9376,55,1,0,1,3,94,18,1,No
9377,48,1,1,1,3,118,15,0,Yes
9378,51,1,1,1,2,15,16,0,Yes
9379,42,1,1,1,5,118,15,0,Yes
9380,39,1,0,0,1,55.5,8,0,No
9381,51,0,1,0,1,12,8,1,No
9382,38,1,0,1,6,269,15,1,No
9383,36,1,0,1,4,217,18,0,No
9384,73,1,0,1,2,47.5,8,0,No
9385,32,1,0,1,3,104,18,1,No
9386,43,1,1,0,1,38,18,0,Yes
9387,50,1,0,0,5,46,12,1,No
9388,38,1,1,1,3,257,15,0,No
9389,51,1,0,0,2,32,8,1,No
9390,21,0,1,1,2,50,9,1,Yes
9391,52,1,1,1,4,112,20,0,Yes
9392,51,1,1,0,1,24,13,1,Yes
9393,46,1,0,1,5,62,15,1,Yes
9394,54,1,1,1,4,188,18,1,No
9395,48,1,1,0,3,36,18,1,No
9396,74,1,1,0,1,117,20,1,No
9397,59,1,1,0,2,39,20,0,Yes
9398,48,1,0,1,4,157,18,1,No
9399,32,0,1,1,3,314,8,0,No
9400,45,1,0,1,2,21,18,0,No
9401,59,0,1,1,3,42,13,0,Yes
9402,46,1,1,0,2,97,8,1,No
9403,40,1,1,0,2,15,18,0,Yes
9404,56,1,1,1,4,68,20,1,No
9405,52,1,1,1,7,126,15,1,Yes
9406,44,1,1,1,2,123,15,1,Yes
9407,41,1,1,1,2,261,15,1,No
9408,42,1,1,1,5,483,18,0,No
9409,54,1,1,0,1,4,18,1,No
9410,21,1,1,1,4,246,12,0,No
9411,53,1,1,1,3,88,20,0,Yes
9412,36,1,1,1,4,344,12,1,Yes
9413,54,0,1,1,2,81,20,1,No
9414,46,1,1,1,4,60,15,1,Yes
9415,60,0,0,1,2,147,20,0,No
9416,37,0,1,0,3,40,8,0,No
9417,36,1,1,1,2,92,9,1,No
9418,36,1,1,1,5,73,12,0,No
9419,58,0,1,1,4,83,20,0,Yes
9420,55,1,1,1,2,94,20,0,Yes
9421,53,1,1,1,5,29,20,1,No
9422,43,1,1,1,3,309,18,1,No
9423,49,1,1,1,5,81,15,1,Yes
9424,47,1,1,1,4,290,15,0,No
9425,62,1,0,1,2,80,10,0,No
9426,46,1,1,1,3,69.5,15,1,Yes
9427,47,1,1,1,3,86,12,0,No
9428,36,0,1,1,2,67.5,8,1,No
9429,36,0,1,1,5,167,8,1,No
9430,39,1,1,1,4,204,18,0,Yes
9431,48,0,1,1,2,121,10,1,No
9432,51,1,1,1,5,68,20,1,No
9433,48,0,1,0,3,73,8,1,No
9434,47,1,1,1,3,83,15,1,Yes
9435,54,1,1,0,1,112,20,0,Yes
9436,74,1,1,1,4,85,20,0,Yes
9437,41,1,1,1,4,75,12,1,No
9438,41,1,1,0,1,50,18,0,Yes
9439,40,1,1,1,3,187,18,0,Yes
9440,35,1,1,1,5,64,8,0,No
9441,44,0,0,0,2,28,9,0,No
9442,52,1,1,1,7,106,15,0,Yes
9443,62,1,1,0,2,14,16,1,Yes
9444,51,0,1,1,4,82,12,1,No
9445,50,1,1,0,1,41,20,0,Yes
9446,44,1,0,1,3,19,18,0,No
9447,28,1,1,1,5,114,12,0,No
9448,47,1,1,1,4,30,8,0,No
9449,71,1,0,0,1,115,20,1,No
9450,36,1,0,1,6,93,12,0,No
9451,74,1,1,0,1,96,20,0,Yes
9452,32,1,1,1,3,237,15,0,No
9453,64,1,1,0,1,61,16,1,Yes
9454,44,1,1,1,3,37,8,1,No
9455,53,1,0,0,3,16,20,0,No
9456,44,1,1,1,5,186,8,0,No
9457,32,1,1,1,3,51,12,1,No
9458,36,1,1,1,6,139,12,1,No
9459,54,1,1,1,2,54,20,1,No
9460,55,0,1,0,1,67,18,0,Yes
9461,42,1,0,1,6,69,16,0,Yes
9462,34,1,0,1,3,70,15,0,Yes
9463,35,1,1,1,2,125,15,1,Yes
9464,58,1,0,1,3,37,8,1,No
9465,44,0,1,1,6,178,15,0,No
9466,31,1,0,1,3,169,12,1,No
9467,54,1,1,1,4,26,15,1,Yes
9468,44,1,1,1,4,130,12,0,No
9469,53,1,1,1,3,95,20,0,Yes
9470,52,0,1,1,4,125,18,1,No
9471,33,1,1,0,1,24,8,1,No
9472,50,1,1,0,3,129,15,0,Yes
9473,53,1,1,1,2,45,18,0,Yes
9474,62,1,1,1,4,98,16,1,Yes
9475,43,1,0,1,3,14,20,0,No
9476,41,1,0,1,3,59.5,9,1,No
9477,75,1,1,0,5,32,8,1,No
9478,68,1,1,0,1,115,16,0,Yes
9479,38,1,1,1,6,284,15,0,No
9480,49,1,0,0,1,66,16,0,Yes
9481,63,1,0,1,2,103,20,1,No
9482,45,1,1,1,2,40,18,1,No
9483,48,1,1,0,1,41,8,1,No
9484,51,1,1,0,1,130,18,1,No
9485,45,1,1,1,3,144,15,1,Yes
9486,44,1,1,1,4,97,18,1,No
9487,37,0,1,0,2,57,18,0,Yes
9488,26,0,0,0,3,14,8,1,No
9489,47,1,1,1,3,125,20,1,No
9490,37,1,1,1,4,138,12,0,No
9491,31,1,1,1,5,95,12,1,No
9492,51,0,1,0,1,16,8,1,No
9493,38,1,1,1,4,108,18,1,No
9494,68,1,1,1,4,173,20,0,Yes
9495,31,1,1,1,3,108,18,0,Yes
9496,64,0,1,1,2,104,13,1,Yes
9497,56,1,0,0,3,91,20,0,No
9498,34,1,1,1,2,284,15,0,No
9499,43,1,0,1,3,29,18,1,No
9500,35,1,0,1,3,90,18,1,No
9501,43,1,1,1,6,224,18,0,Yes
9502,51,1,0,1,2,102,20,0,No
9503,47,1,1,0,1,67,16,0,Yes
9504,49,1,0,1,3,178,9,1,No
9505,49,1,0,1,6,111,12,1,No
9506,25,1,1,1,2,200,8,1,No
9507,41,1,1,1,6,51,12,0,No
9508,38,1,1,1,7,143,12,0,No
9509,40,1,1,1,7,152,13,0,Yes
9510,62,1,1,0,1,133,20,0,Yes
9511,56,1,1,0,1,61,16,1,Yes
9512,38,1,1,1,4,15,15,0,Yes
9513,45,1,1,1,4,234,20,1,No
9514,33,1,1,0,1,67,18,1,No
9515,38,1,1,1,5,82,15,0,Yes
9516,37,1,0,1,3,53,12,1,No
9517,48,1,0,1,3,110,20,1,No
9518,28,1,0,0,1,217,15,1,No
9519,38,1,0,1,4,129,18,1,No
9520,37,1,1,0,2,9,8,1,No
9521,45,1,1,1,3,75,20,0,Yes
9522,72,1,1,0,4,49,16,0,Yes
9523,50,1,1,0,1,72,18,0,Yes
9524,46,0,1,0,2,14,12,0,No
9525,30,1,0,0,4,78,9,1,No
9526,51,1,1,1,4,120,15,0,Yes
9527,67,1,1,1,2,112,20,1,No
9528,59,1,1,1,3,83,20,1,No
9529,40,1,1,1,6,93,18,1,No
9530,54,1,0,1,2,74,8,1,No
9531,54,1,1,0,1,55,18,1,No
9532,67,0,1,1,3,318,20,1,No
9533,68,1,1,1,4,41,20,1,No
9534,64,1,1,1,5,82,20,0,Yes
9535,44,1,1,1,4,186,20,1,No
9536,59,1,0,1,4,219,16,1,No
9537,34,1,1,1,2,76,8,1,No
9538,35,1,1,1,4,204,15,1,No
9539,42,0,1,1,7,109,8,0,No
9540,37,1,1,1,3,33,15,1,Yes
9541,56,1,1,1,5,170,12,1,No
9542,34,1,1,1,3,148,8,0,No
9543,61,1,1,0,3,17,20,1,No
9544,53,0,0,0,4,6,8,0,No
9545,40,1,1,1,5,115,8,0,No
9546,65,1,0,1,4,61,20,0,No
9547,57,1,1,1,4,105,18,0,Yes
9548,39,1,1,1,2,91,18,0,Yes
9549,49,1,1,1,3,110,18,0,Yes
9550,64,1,0,0,2,132,8,1,No
9551,36,1,1,1,3,5,8,0,No
9552,37,1,0,0,1,121,18,0,No
9553,67,1,1,1,3,55,16,1,Yes
9554,55,0,0,1,3,123,10,0,No
9555,35,1,1,1,2,104,15,0,Yes
9556,50,1,0,0,1,25,20,1,No
9557,55,1,1,1,2,103,18,1,No
9558,29,1,1,1,6,165,8,0,No
9559,52,1,1,1,4,135,16,1,Yes
9560,43,1,1,1,2,206,12,0,No
9561,50,0,1,1,3,91.5,9,0,No
9562,49,1,1,1,6,145,15,0,Yes
9563,60,1,1,0,1,77,20,0,Yes
9564,45,1,1,0,1,462,15,0,No
9565,51,1,1,1,3,97,8,0,No
9566,35,1,1,1,3,141,12,1,No
9567,60,1,1,0,2,45,20,1,No
9568,43,1,1,1,3,113,18,0,Yes
9569,49,1,1,1,3,79.5,18,0,Yes
9570,32,1,1,1,6,134,15,1,Yes
9571,47,0,1,1,6,46,18,1,No
9572,40,0,1,0,3,31,9,0,No
9573,57,1,1,0,2,7,20,1,No
9574,24,1,1,0,1,33,18,0,Yes
9575,72,0,0,1,5,45,8,1,No
9576,65,1,0,1,5,55,20,1,No
9577,42,1,1,1,5,31,15,1,Yes
9578,42,1,0,0,1,119,9,1,No
9579,47,1,1,1,5,176,20,1,No
9580,61,1,1,0,1,44,20,0,Yes
9581,38,1,0,1,3,191,15,1,No
9582,50,0,1,0,1,116,10,0,No
9583,36,1,1,1,4,99,18,1,No
9584,54,1,0,0,1,99,18,0,No
9585,63,1,1,1,2,87,13,1,Yes
9586,36,1,1,1,2,60,15,0,Yes
9587,57,1,1,0,1,71,20,0,Yes
9588,49,1,1,1,4,99,12,0,No
9589,50,1,1,1,7,8,15,0,Yes
9590,35,1,1,1,4,30,18,1,No
9591,49,1,1,1,3,64,20,1,No
9592,49,1,1,1,4,130,20,1,No
9593,37,1,1,1,3,81,9,1,No
9594,35,1,1,1,2,83.5,18,1,No
9595,52,1,1,0,2,23,13,0,Yes
9596,58,1,0,1,6,87,8,0,No
9597,52,1,1,1,6,115,15,0,Yes
9598,54,0,1,1,4,107.5,18,1,No
9599,49,1,1,0,1,85,18,1,No
9600,53,1,0,1,5,122,18,0,No
9601,45,1,1,1,4,118,18,1,No
9602,44,0,0,1,5,81,15,0,Yes
9603,37,0,0,1,4,60,8,1,No
9604,38,1,1,1,6,200,15,1,No
9605,34,1,1,1,6,84,12,0,No
9606,37,1,1,1,4,30,12,1,No
9607,43,1,1,1,4,398,20,1,No
9608,59,1,0,0,2,20,13,1,Yes
9609,45,1,1,1,4,183,15,1,No
9610,55,1,1,1,4,49,8,0,No
9611,44,1,1,0,2,67.5,9,0,No
9612,54,1,1,1,2,278,13,1,No
9613,53,1,1,1,3,50,15,0,Yes
9614,31,1,1,1,2,202,15,0,No
9615,38,1,0,1,3,116,18,0,No
9616,51,1,1,1,5,142,18,1,No
9617,62,1,0,1,6,57,20,0,No
9618,52,1,0,0,5,150,13,1,Yes
9619,19,1,1,1,6,98,14,1,Yes
9620,37,1,0,1,5,140,8,1,No
9621,23,1,1,1,6,78,15,0,Yes
9622,49,1,1,1,3,112,18,0,Yes
9623,64,1,1,1,3,38,20,1,No
9624,41,1,1,1,7,46,18,0,Yes
9625,37,1,1,1,3,209,15,1,Yes
9626,51,0,1,1,4,11,8,0,No
9627,47,0,1,0,1,97,8,1,No
9628,26,1,0,1,2,102,8,0,No
9629,43,1,1,0,1,42,18,1,No
9630,34,1,1,1,5,216,12,0,Yes
9631,65,1,1,0,1,111,20,1,No
9632,41,1,1,1,5,151,15,0,Yes
9633,53,1,1,0,1,42.5,20,1,No
9634,48,1,1,1,4,57,18,0,Yes
9635,49,1,0,1,3,160,20,0,No
9636,37,0,1,1,4,77,8,1,No
9637,33,1,0,1,4,74,8,1,No
9638,63,0,1,1,3,32,20,1,No
9639,66,1,1,1,7,237,20,0,Yes
9640,52,1,1,1,4,108,18,0,Yes
9641,34,1,1,1,3,219,12,0,No
9642,48,1,1,1,3,519,18,1,No
9643,30,0,1,1,2,15,8,1,No
9644,43,1,1,0,1,91,18,0,Yes
9645,68,1,1,1,2,44,20,0,Yes
9646,38,0,1,1,3,99,8,1,No
9647,53,1,1,1,4,93,8,1,No
9648,57,1,1,1,2,122,20,1,No
9649,30,1,0,0,4,168,12,0,No
9650,46,1,1,1,4,145,15,1,Yes
9651,42,1,1,1,3,63,12,1,No
9652,40,1,1,1,5,127,8,1,Yes
9653,47,1,0,1,7,28,12,1,No
9654,46,1,1,1,2,80.5,20,1,No
9655,54,1,1,1,4,61,20,0,Yes
9656,48,1,1,1,4,498,18,1,No
9657,31,1,1,1,6,151,15,0,Yes
9658,38,0,1,1,3,43,18,0,Yes
9659,39,1,1,1,4,118,15,1,Yes
9660,46,1,1,0,3,117,18,0,Yes
9661,39,1,1,1,5,155,15,1,Yes
9662,48,1,1,0,1,21,20,0,Yes
9663,44,1,1,1,3,10,18,0,Yes
9664,48,0,1,1,4,191,8,1,No
9665,34,1,1,1,3,231,8,1,No
9666,38,1,1,1,3,122,15,1,Yes
9667,38,1,1,1,4,131,15,0,Yes
9668,49,1,1,0,2,15,18,0,Yes
9669,56,1,1,1,6,101,12,0,No
9670,27,1,1,1,2,33,8,1,No
9671,38,1,1,0,5,66,18,0,Yes
9672,40,0,1,0,2,56,18,1,Yes
9673,50,1,1,1,5,109,16,0,Yes
9674,51,0,1,1,7,59,10,0,No
9675,48,1,1,1,5,134,16,0,Yes
9676,45,1,1,1,3,87,20,0,Yes
9677,64,1,1,0,1,15,20,1,No
9678,58,1,1,1,5,96,20,0,Yes
9679,40,1,1,1,4,6,8,1,No
9680,40,0,1,1,3,267,15,1,No
9681,43,1,1,1,3,75,8,0,No
9682,49,1,1,1,5,142,15,1,Yes
9683,48,0,1,1,3,115.5,18,0,Yes
9684,52,1,0,1,4,127,15,1,Yes
9685,28,1,1,1,6,514,12,0,No
9686,60,1,1,1,2,77,20,0,Yes
9687,40,1,1,1,5,100,12,1,No
9688,42,1,0,1,2,93.5,20,0,No
9689,39,1,0,0,2,35,8,1,No
9690,52,1,1,0,3,44.5,18,0,Yes
9691,44,1,1,0,1,53,18,1,No
9692,47,1,1,1,2,43,18,1,No
9693,47,1,0,1,4,209,15,0,No
9694,44,1,0,1,5,69,20,0,No
9695,39,1,1,1,4,66,15,1,Yes
9696,54,1,0,1,4,72,20,0,No
9697,46,1,1,1,6,166,12,0,No
9698,67,1,1,1,5,118,8,1,No
9699,38,1,1,1,5,14.5,18,1,No
9700,58,1,1,0,3,5,15,0,Yes
9701,63,1,0,1,4,39.5,16,1,Yes
9702,41,1,1,1,3,194,15,1,No
9703,60,1,1,0,2,75,20,1,No
9704,46,0,0,1,3,78.5,18,1,No
9705,46,1,1,1,2,81,15,1,Yes
9706,61,1,1,1,2,11,8,0,No
9707,38,1,1,0,1,136,18,1,No
9708,62,1,1,0,6,72,16,0,Yes
9709,56,1,1,0,1,56.5,8,1,No
9710,45,1,0,1,3,94,18,1,No
9711,60,1,1,0,1,97,20,0,Yes
9712,37,1,0,1,2,110,18,1,Yes
9713,32,1,1,1,7,534,12,0,No
9714,32,1,0,1,5,170,12,0,No
9715,34,1,1,1,2,146,8,1,No
9716,47,1,1,1,2,39,18,0,Yes
9717,46,1,1,1,3,102,18,1,No
9718,49,1,1,1,4,220,15,0,No
9719,47,1,1,1,3,81,18,1,No
9720,31,1,1,1,2,312,18,0,No
9721,60,0,1,0,4,22,8,1,No
9722,64,1,1,1,2,5,20,0,Yes
9723,31,1,1,0,6,45,18,0,Yes
9724,62,1,1,1,3,107,20,0,Yes
9725,55,1,0,1,3,74,12,1,No
9726,46,1,1,1,3,113,20,1,No
9727,33,0,1,1,4,216,15,0,No
9728,53,1,0,1,3,49,20,1,No
9729,61,0,0,1,4,165,16,1,Yes
9730,61,1,0,0,1,133,8,0,No
9731,33,1,1,1,7,117,12,0,No
9732,44,1,0,1,5,63,8,0,No
9733,42,0,1,1,6,168,12,0,No
9734,49,1,0,1,4,83,20,1,No
9735,55,1,0,1,6,164,13,0,Yes
9736,38,1,1,1,6,160,12,0,No
9737,61,1,1,1,4,67,20,1,No
9738,64,1,1,0,2,61,20,1,No
9739,48,1,1,1,3,92,12,1,No
9740,47,1,0,1,3,120,20,0,No
9741,57,1,1,1,5,81,20,1,No
9742,36,1,1,1,4,39,12,0,No
9743,46,1,1,1,3,93.5,18,0,Yes
9744,42,1,1,1,6,132,12,1,No
9745,51,1,1,1,7,88,15,1,Yes
9746,42,1,1,1,3,5,18,1,No
9747,58,1,1,0,2,6,20,1,No
9748,54,1,1,1,3,162,9,1,No
9749,72,1,1,0,1,29,20,0,Yes
9750,60,1,0,0,1,22,8,0,No
9751,49,1,0,1,5,69,18,1,No
9752,39,0,1,0,1,52,9,0,No
9753,46,1,0,0,3,127,18,1,No
9754,37,1,0,1,3,133,12,1,No
9755,36,1,1,1,4,104,18,1,No
9756,47,1,0,1,2,101,9,1,No
9757,53,1,1,1,6,110,20,1,No
9758,50,0,1,1,5,201,15,0,No
9759,52,0,1,1,3,14,15,0,Yes
9760,28,1,1,0,1,62,12,0,No
9761,62,1,1,0,2,191,20,0,Yes
9762,62,0,1,1,3,142,20,0,Yes
9763,31,1,1,0,3,42,15,1,Yes
9764,75,1,1,0,3,78,20,1,No
9765,54,1,0,1,5,247,13,1,Yes
9766,61,1,0,1,3,64,8,1,No
9767,37,1,0,0,2,94,8,0,No
9768,45,1,1,1,5,119,15,0,Yes
9769,59,1,0,1,4,90,8,0,No
9770,57,1,1,1,3,65,20,1,No
9771,49,1,0,1,5,158,18,1,No
9772,38,1,1,1,3,163,12,1,No
9773,42,1,1,1,3,92,18,0,Yes
9774,40,1,1,1,4,23,15,0,Yes
9775,50,1,0,1,7,62,20,1,No
9776,53,0,1,1,2,95.5,10,1,No
9777,38,1,1,1,3,186,15,1,No
9778,56,1,1,1,4,100,10,0,No
9779,45,1,1,1,5,129,12,1,No
9780,38,0,1,1,4,79,8,0,No
9781,34,0,0,1,3,103,18,1,No
9782,36,1,1,1,4,350,15,1,No
9783,54,1,1,1,3,78,18,1,No
9784,63,1,1,1,3,88,20,0,Yes
9785,30,0,1,0,2,112.5,18,0,Yes
9786,37,1,0,1,4,129,15,1,Yes
9787,61,1,1,1,2,130,20,1,No
9788,52,1,1,1,2,99,20,1,No
9789,50,0,1,1,3,59,8,0,No
9790,47,1,1,1,3,164,15,1,Yes
9791,61,1,1,1,4,117.5,10,0,No
9792,43,1,1,1,5,87,8,0,No
9793,22,1,0,1,6,83,14,1,Yes
9794,47,1,1,1,5,151,15,1,Yes
9795,37,1,1,1,5,41,12,1,No
9796,26,1,1,1,2,96,15,0,Yes
9797,52,1,1,1,4,33,20,0,Yes
9798,43,1,1,1,4,86,15,0,Yes
9799,32,1,1,1,3,115,11,0,No
9800,50,1,1,0,4,179,9,0,No
9801,54,1,1,1,2,55.5,12,1,No
9802,61,1,1,1,5,10,20,1,No
9803,33,1,1,0,4,54,15,0,Yes
9804,21,1,1,1,3,91,12,1,No
9805,43,1,1,1,6,76,16,1,Yes
9806,60,1,1,1,3,70,20,0,Yes
9807,41,1,1,1,3,61,15,1,Yes
9808,39,1,1,1,5,147,8,1,No
9809,22,1,1,1,7,73,12,1,No
9810,55,1,1,1,5,176,16,0,No
9811,41,1,1,1,4,116,9,0,No
9812,45,1,1,0,1,6,18,0,Yes
9813,35,1,1,1,2,116,15,0,Yes
9814,56,1,0,1,4,140,16,1,Yes
9815,37,1,1,1,3,121,18,0,Yes
9816,29,1,1,1,6,138,15,1,Yes
9817,50,1,1,1,3,22,20,1,No
9818,48,1,1,1,4,108,20,0,Yes
9819,58,1,1,0,2,72,10,0,No
9820,36,1,1,1,4,131,12,1,No
9821,45,1,1,1,2,107,12,1,No
9822,69,1,1,1,2,45.5,20,0,Yes
9823,47,1,0,0,1,81,9,1,No
9824,63,1,1,1,2,94,8,1,No
9825,48,0,1,0,1,28,20,1,No
9826,50,1,1,1,3,70,20,1,No
9827,49,1,1,1,4,85,13,1,Yes
9828,36,1,1,1,2,164,18,0,Yes
9829,30,1,1,1,3,189,12,1,No
9830,46,1,1,1,2,138,20,1,No
9831,56,1,1,1,3,99,20,1,No
9832,44,1,1,1,5,112,18,1,No
9833,55,1,1,0,1,129.5,20,1,No
9834,44,1,1,1,5,165,15,0,Yes
9835,52,0,1,0,2,55,20,0,Yes
9836,49,1,1,1,7,162,15,0,Yes
9837,41,1,1,1,4,168,15,0,Yes
9838,43,1,0,0,4,276,12,1,No
9839,44,0,1,1,4,26,15,1,Yes
9840,46,0,0,1,2,126,20,1,No
9841,57,1,1,1,4,80,15,0,Yes
9842,48,1,1,1,3,111,18,0,Yes
9843,31,1,1,1,5,158,12,0,No
9844,49,1,1,1,6,74,18,0,Yes
9845,41,1,1,1,2,77,12,1,No
9846,51,1,0,1,7,73,13,1,Yes
9847,43,1,1,1,5,132.5,18,1,No
9848,60,1,1,0,7,21,13,0,Yes
9849,58,1,1,1,3,143,18,0,Yes
9850,44,0,1,1,5,202,18,1,No
9851,57,1,0,1,3,48,13,1,Yes
9852,35,1,1,1,4,85,15,1,Yes
9853,56,0,1,0,1,50,20,1,No
9854,37,1,1,1,4,117,12,1,No
9855,51,1,1,1,3,66,16,1,Yes
9856,40,1,1,0,1,109,18,1,No
9857,74,1,1,1,4,21,20,0,Yes
9858,56,1,1,0,1,4,20,0,Yes
9859,61,1,1,1,4,32,20,1,No
9860,28,1,0,1,7,363,15,1,No
9861,42,1,1,0,1,15,20,1,No
9862,39,1,1,1,7,188,12,0,No
9863,58,1,0,0,2,27,18,0,No
9864,32,1,1,1,3,121,12,1,No
9865,43,1,0,1,4,131,18,1,No
9866,43,0,1,1,5,122,8,0,No
9867,49,1,1,0,2,39,18,0,Yes
9868,51,1,1,1,2,89,20,0,Yes
9869,57,1,0,1,7,121,15,1,Yes
9870,46,1,0,1,4,156.5,20,0,Yes
9871,43,1,1,1,6,349,12,0,No
9872,46,1,1,1,7,270,13,1,No
9873,31,1,1,0,1,59,18,1,No
9874,59,1,0,1,3,75,10,0,No
9875,62,1,1,0,1,66,20,0,Yes
9876,32,1,1,1,6,111,11,0,No
9877,71,1,0,1,5,107,16,1,Yes
9878,38,0,1,0,4,14,8,1,No
9879,51,1,1,1,4,123,12,1,No
9880,38,1,1,0,1,11,8,1,No
9881,51,1,0,0,3,71,18,0,No
9882,57,1,1,0,1,83,20,0,Yes
9883,31,0,1,1,5,67.5,8,0,No
9884,32,1,0,0,2,83,18,0,No
9885,56,0,1,1,3,102,20,0,Yes
9886,65,1,1,0,2,63,16,1,Yes
9887,48,1,1,1,3,53,8,1,No
9888,54,1,0,1,3,36,20,1,No
9889,43,1,1,1,3,72,20,1,No
9890,44,1,0,0,5,196,8,1,No
9891,33,1,1,1,4,65,15,0,Yes
9892,53,1,1,1,4,90,18,1,No
9893,59,1,1,1,3,350,13,0,No
9894,40,0,1,0,1,21,9,0,No
9895,32,0,1,0,1,6,8,1,No
9896,33,1,1,0,7,6,11,1,No
9897,34,1,1,1,6,62,18,0,Yes
9898,54,1,1,1,2,90.5,18,0,Yes
9899,45,1,0,1,3,110,18,1,No
9900,56,1,1,1,4,132,13,1,Yes
9901,65,1,1,1,6,67,20,1,No
9902,59,0,1,1,7,6,8,1,No
9903,27,1,1,1,7,22,8,1,No
9904,65,1,1,1,3,24,20,0,Yes
9905,48,1,1,1,3,161,15,0,Yes
9906,75,1,1,1,3,48,20,0,Yes
9907,47,1,1,1,5,92,13,1,Yes
9908,33,0,1,1,4,91,15,0,Yes
9909,64,1,0,0,1,8,20,0,No
9910,32,1,1,1,5,40,8,1,No
9911,69,1,1,1,2,66,20,0,Yes
9912,50,1,1,1,2,206.5,18,0,Yes
9913,60,1,0,1,2,87,20,1,No
9914,36,1,1,1,2,172,18,1,No
9915,62,1,1,1,3,20,16,0,Yes
9916,45,1,1,1,5,186,12,1,No
9917,56,0,1,1,2,170,18,1,No
9918,55,1,1,1,4,101,20,1,No
9919,44,1,1,1,2,81,15,0,Yes
9920,41,0,0,1,2,122,18,1,No
9921,60,1,0,1,4,65,16,0,Yes
9922,41,1,1,1,7,109,15,1,Yes
9923,60,1,1,0,6,14,16,1,Yes
9924,50,1,1,0,2,54,20,0,Yes
9925,29,0,0,0,4,43,8,0,No
9926,48,1,1,1,4,195,12,0,No
9927,55,1,1,1,2,193,20,1,No
9928,23,1,1,1,3,70,15,1,Yes
9929,62,1,1,1,3,63,16,1,Yes
9930,37,1,0,1,2,110.5,18,1,No
9931,46,1,1,1,2,97,8,1,No
9932,55,1,1,0,2,87,20,1,No
9933,56,1,1,1,4,76,8,0,No
9934,59,1,1,1,3,180,16,0,No
9935,37,1,1,1,7,231,12,1,No
9936,57,1,1,1,4,172,20,0,Yes
9937,44,0,1,0,2,57,18,0,Yes
9938,49,1,0,1,4,64,15,1,Yes
9939,53,1,0,1,2,121,20,1,No
9940,42,1,0,1,3,69,18,1,No
9941,36,1,1,1,6,201,15,0,No
9942,52,1,0,1,4,424,16,1,No
9943,48,1,0,1,4,87.5,8,1,No
9944,42,1,1,1,2,163,12,1,No
9945,46,1,1,0,2,42,18,0,Yes
9946,41,0,1,1,3,21,8,1,No
9947,42,1,0,0,6,47,15,0,Yes
9948,58,1,0,1,2,55,8,1,No
9949,44,1,1,1,4,29,15,0,Yes
9950,48,1,1,1,5,61,20,0,Yes
9951,48,1,0,1,3,73,20,0,No
9952,59,1,0,1,3,82,20,0,Yes
9953,35,0,1,1,3,10,8,0,No
9954,54,1,1,1,3,134,8,0,No
9955,52,1,0,1,4,6,20,1,No
9956,52,1,0,1,2,40,20,0,No
9957,42,1,1,1,4,196,18,1,No
9958,39,1,1,1,3,82,18,1,No
9959,67,1,1,1,2,32,20,1,No
9960,61,0,1,1,4,124,20,0,Yes
9961,57,1,0,1,2,142,20,1,No
9962,65,1,1,0,6,68,13,0,Yes
9963,48,0,1,0,3,57,8,1,No
9964,28,0,0,0,5,108,15,0,Yes
9965,54,1,0,1,3,130,18,0,No
9966,44,1,1,1,3,98,12,0,No
9967,64,1,1,0,3,157.5,10,1,No
9968,61,1,1,1,3,51,20,0,Yes
9969,25,1,1,1,6,105,12,1,No
9970,52,1,0,1,3,144,20,1,No
9971,70,0,1,0,1,98,8,1,No
9972,64,1,1,1,4,129,20,0,Yes
9973,47,1,1,0,1,491,15,0,No
9974,43,0,0,1,3,29,18,1,No
9975,39,1,1,1,6,224,15,0,No
9976,55,1,1,1,5,176,18,0,Yes
9977,37,1,1,0,2,44,18,0,Yes
9978,48,1,1,1,3,95,20,1,No
9979,50,1,0,1,4,144,20,0,No
9980,68,1,0,1,3,122,20,1,No
9981,60,0,1,1,2,113,20,0,Yes
9982,47,0,0,1,4,144,12,0,No
9983,45,1,1,1,3,174,18,1,No
9984,34,1,0,0,1,26,8,1,No
9985,64,1,0,1,4,90,20,1,No
9986,53,0,1,1,2,76,20,0,Yes
9987,36,1,1,1,5,263,15,0,No
9988,39,1,0,1,5,161,15,1,Yes
9989,43,1,1,1,5,115,12,1,No
9990,62,1,1,0,1,37,20,0,Yes
9991,32,1,1,0,2,11.5,15,1,Yes
9992,65,0,1,1,2,93,20,0,Yes
9993,70,1,1,1,6,203,20,0,Yes
9994,48,0,0,1,3,44,8,0,No
9995,46,1,1,0,1,35,18,0,Yes
9996,55,1,1,1,2,37,18,0,Yes
9997,29,1,1,0,5,100,15,1,Yes
9998,59,0,1,0,1,35,20,0,Yes
9999,66,0,0,1,3,4,8,1,No
10000,55,1,1,1,4,19,16,1,Yes
