Customer,AccountWeeks,ContractRenewal,DataPlan,DataUsage,CustServCalls,DayMins,DayCalls,MonthlyCharge,OverageFee,RoamMins,Churn
1483,149,1,0,0.37,1,207.3,115,56.7,9.92,8.6,No
1484,52,1,0,0.00,2,217.0,104,50.0,7.62,11.8,No
1485,93,1,1,2.97,0,116.9,120,69.7,11.62,11.0,No
1486,116,1,0,0.00,0,160.7,69,40.0,7.34,8.2,No
1487,121,1,1,2.62,5,263.1,70,95.2,13.97,9.7,No
1488,55,1,1,1.97,1,207.7,91,72.7,9.99,7.3,No
1489,65,1,0,0.29,4,129.1,137,44.9,11.43,12.7,Yes
1490,85,1,0,0.00,1,102.0,95,41.0,13.51,10.7,No
1491,171,1,1,2.75,3,223.2,77,81.5,9.16,10.2,No
1492,131,1,0,0.00,1,110.9,74,29.0,5.78,15.8,No
1493,94,0,0,0.00,1,170.1,113,53.0,13.59,8.7,No
1494,94,1,0,0.00,1,206.1,49,55.0,11.23,13.0,No
1495,87,1,0,0.00,2,322.5,106,73.0,10.23,9.4,Yes
1496,105,1,0,0.00,2,102.8,74,42.0,14.09,13.2,No
1497,52,1,0,0.00,0,165.5,78,46.0,10.28,12.2,No
1498,112,1,0,0.00,2,101.1,119,36.0,10.72,10.3,No
1499,34,1,0,0.00,1,180.6,65,55.0,14.02,5.0,No
1500,80,1,1,1.03,1,190.3,115,65.3,12.83,3.8,No
1501,113,1,1,2.75,2,205.0,101,75.5,7.60,10.2,No
1502,138,0,0,0.00,1,169.3,82,48.0,10.90,9.4,No
1503,65,1,0,0.00,2,148.7,80,48.0,12.95,12.7,No
1504,105,1,1,2.35,2,147.0,112,65.5,9.87,8.7,No
1505,102,1,1,1.70,3,125.3,92,51.0,7.06,6.3,No
1506,78,0,0,0.00,1,236.8,141,63.0,13.27,9.5,Yes
1507,122,1,0,0.29,4,157.1,134,45.9,9.25,8.5,Yes
1508,165,1,1,4.32,0,111.6,140,81.2,10.67,16.0,No
1509,74,1,0,0.45,2,225.2,93,61.5,10.76,9.1,No
1510,90,1,0,0.00,1,246.4,83,56.0,8.02,7.6,No
1511,101,1,1,2.57,2,219.7,137,79.7,9.34,9.5,No
1512,149,1,1,3.05,2,264.4,102,94.5,10.98,11.3,No
1513,104,1,0,0.23,2,182.9,113,54.3,11.98,5.5,No
1514,73,1,0,0.00,4,183.4,80,52.0,12.10,7.5,No
1515,148,1,1,3.32,1,252.9,129,101.2,14.22,12.3,No
1516,145,1,0,0.00,2,187.9,110,49.0,9.85,4.8,No
1517,140,1,0,0.00,1,149.8,134,40.0,8.22,8.1,No
1518,70,1,0,0.17,0,126.3,99,35.7,7.08,9.6,No
1519,66,1,1,1.46,2,254.9,108,78.6,12.16,5.4,No
1520,132,1,0,0.00,4,197.8,66,46.0,6.70,10.9,Yes
1521,88,1,0,0.00,4,166.7,61,44.0,8.97,6.8,Yes
1522,99,1,0,0.00,2,140.7,88,42.0,10.55,12.4,No
1523,125,1,1,2.75,1,120.5,104,67.5,11.39,10.2,No
1524,134,1,0,0.00,0,296.0,93,70.0,11.32,12.3,Yes
1525,116,1,1,2.97,1,182.8,122,79.7,10.64,11.0,No
1526,85,1,0,0.00,4,183.4,111,46.0,8.44,9.9,No
1527,124,1,0,0.00,3,178.3,102,51.0,11.75,10.9,No
1528,112,1,0,0.00,2,185.4,114,48.0,9.57,10.0,No
1529,121,1,1,2.73,4,237.1,63,85.3,10.28,10.1,No
1530,79,1,0,0.00,2,236.8,135,57.0,9.32,10.4,No
1531,65,1,1,3.38,4,208.8,119,81.8,7.11,12.5,No
1532,40,1,1,1.67,2,148.1,74,56.7,8.48,6.2,No
1533,85,1,0,0.00,1,176.4,122,50.0,11.25,11.5,No
1534,90,1,1,3.00,0,193.3,66,86.0,13.17,11.1,No
1535,81,1,0,0.00,2,173.2,80,50.0,11.81,11.8,No
1536,94,1,0,0.00,3,212.1,98,53.0,9.47,8.4,No
1537,185,1,1,2.03,1,189.8,126,67.3,8.17,7.5,No
1538,107,1,1,3.89,2,283.4,104,106.9,11.21,14.4,No
1539,1,1,0,0.00,5,182.1,106,43.0,6.75,10.0,Yes
1540,90,1,1,3.48,1,71.2,82,62.8,9.08,12.9,No
1541,101,1,1,2.21,2,118.9,112,62.1,11.42,8.2,No
1542,62,1,1,2.75,0,137.3,95,66.5,9.21,10.2,No
1543,59,1,0,0.28,3,160.9,95,51.8,12.56,5.0,No
1544,111,1,0,0.00,4,229.4,107,58.0,10.71,10.4,No
1545,15,0,0,0.00,2,141.4,80,35.0,6.20,8.1,No
1546,120,1,1,1.94,2,221.9,114,79.4,12.74,7.2,No
1547,75,1,0,0.00,2,147.5,110,42.0,9.59,16.4,No
1548,109,1,0,0.00,0,200.1,72,60.0,15.05,11.9,No
1549,39,1,0,0.00,0,93.3,83,33.0,9.98,6.5,No
1550,108,1,0,0.00,2,73.8,105,25.0,7.17,10.9,No
1551,71,0,0,0.00,3,178.2,113,45.0,8.39,13.6,Yes
1552,35,1,0,0.32,2,149.3,113,49.2,12.11,8.9,No
1553,124,1,0,0.00,2,254.3,113,50.0,3.95,11.8,No
1554,98,1,0,0.39,2,136.1,82,40.9,7.82,10.1,No
1555,150,1,0,0.26,1,146.3,133,45.6,10.14,13.1,No
1556,181,1,1,2.86,1,190.3,93,82.6,12.45,10.6,No
1557,119,1,1,3.13,1,132.0,100,69.3,8.67,11.6,No
1558,105,1,0,0.00,0,281.3,124,74.0,15.08,8.7,Yes
1559,78,1,1,2.92,6,210.3,116,82.2,9.61,10.8,No
1560,31,1,1,1.59,0,100.1,54,53.9,12.32,5.9,No
1561,104,1,0,0.00,1,156.2,93,43.0,9.65,13.1,No
1562,99,1,1,2.08,3,244.1,71,79.8,10.17,7.7,No
1563,51,1,1,2.24,0,276.7,121,87.4,10.19,8.3,No
1564,90,1,0,0.00,1,200.9,92,49.0,8.22,8.9,No
1565,79,1,0,0.00,1,41.9,124,26.0,10.55,11.4,No
1566,119,1,0,0.39,1,176.8,90,53.9,11.24,7.5,No
1567,40,1,0,0.00,6,81.7,123,32.0,10.51,11.3,Yes
1568,77,1,1,3.05,0,204.9,84,82.5,10.05,11.3,No
1569,58,1,1,2.57,1,194.5,110,77.7,10.69,9.5,No
1570,136,0,0,0.00,3,256.8,90,64.0,11.51,9.1,No
1571,119,1,0,0.00,3,98.8,97,30.0,7.35,10.0,No
1572,148,0,0,0.00,2,148.2,138,39.0,7.98,8.6,No
1573,88,1,0,0.00,1,218.2,76,52.0,8.47,8.0,No
1574,110,1,0,0.00,3,185.1,100,46.0,8.26,6.3,No
1575,91,1,1,1.51,1,175.3,96,68.1,13.12,5.6,No
1576,112,1,1,3.11,4,225.2,89,92.1,12.84,11.5,No
1577,112,1,0,0.27,2,217.1,76,57.7,10.26,9.4,No
1578,111,1,0,0.00,1,214.3,118,55.0,10.43,12.0,No
1579,137,1,0,0.26,0,144.0,90,42.6,9.08,12.3,No
1580,122,1,0,0.00,3,173.6,110,38.0,4.59,9.7,No
1581,69,1,1,4.43,0,268.8,78,111.3,12.33,16.4,No
1582,91,1,0,0.00,3,189.3,100,53.0,11.97,9.9,No
1583,129,1,1,4.43,1,192.8,103,92.3,8.85,16.4,No
1584,103,1,0,0.00,3,173.5,83,51.0,12.22,9.7,No
1585,88,1,0,0.00,4,73.3,86,27.0,8.07,8.2,Yes
1586,61,1,1,1.73,4,187.5,124,62.3,7.33,6.4,Yes
1587,47,1,1,2.08,2,165.0,89,59.8,6.37,7.7,No
1588,75,1,1,3.54,3,163.6,132,76.4,7.34,13.1,No
1589,105,1,0,0.00,4,162.3,99,46.0,10.63,11.1,No
1590,146,0,0,0.00,2,160.1,63,45.0,10.42,9.2,No
1591,123,1,0,0.15,3,211.0,92,56.5,10.85,9.8,No
1592,124,1,1,2.40,1,161.2,109,69.0,10.21,8.9,No
1593,152,1,0,0.00,1,317.8,60,68.0,7.65,10.4,Yes
1594,58,1,0,0.29,2,243.1,105,63.9,11.57,7.8,No
1595,56,1,0,0.00,4,222.7,133,62.0,13.85,13.6,No
1596,123,1,0,0.00,0,128.7,126,32.0,5.88,10.8,No
1597,67,0,0,0.00,2,120.9,58,41.0,11.75,11.4,No
1598,90,1,1,3.00,2,185.6,106,81.0,10.99,11.1,No
1599,84,1,0,0.00,1,75.3,96,29.0,9.00,12.3,No
1600,101,1,1,3.92,1,144.1,144,78.2,8.38,14.5,No
1601,93,1,0,0.00,3,266.0,120,57.0,6.51,13.1,No
1602,124,0,0,0.00,3,157.8,71,45.0,10.16,10.0,Yes
1603,90,1,0,0.00,3,113.2,108,36.0,9.47,14.1,No
1604,137,1,0,0.45,4,230.2,113,62.5,11.02,10.7,No
1605,77,1,1,1.92,2,209.7,73,71.2,9.18,7.1,No
1606,25,1,0,0.26,2,178.8,90,45.6,7.06,8.4,No
1607,152,1,0,0.00,2,141.5,102,47.0,13.15,3.4,No
1608,126,1,0,0.00,1,122.4,88,34.0,7.19,11.5,No
1609,99,1,0,0.00,3,146.7,64,49.0,13.70,8.9,No
1610,85,1,1,1.70,5,283.2,110,86.0,11.99,6.3,No
1611,109,1,0,0.00,1,217.0,115,55.0,10.35,8.2,No
1612,127,0,0,0.30,1,256.5,87,66.0,11.11,13.0,No
1613,105,1,1,2.40,1,186.9,114,78.0,12.82,8.9,No
1614,98,1,0,0.30,3,126.3,102,39.0,8.34,9.4,No
1615,107,1,0,0.47,3,212.1,95,53.7,7.51,7.7,No
1616,55,1,1,2.97,4,130.5,114,69.7,10.42,11.0,Yes
1617,85,1,0,0.00,0,212.3,107,56.0,11.42,7.7,No
1618,64,1,0,0.24,1,154.0,67,48.4,11.29,3.5,No
1619,116,1,1,3.08,5,193.4,112,84.8,12.03,11.4,No
1620,53,1,0,0.00,0,168.8,97,48.0,11.02,10.9,No
1621,70,1,0,0.00,0,148.4,110,48.0,13.36,8.9,No
1622,25,1,0,0.00,1,264.9,80,69.0,14.06,8.4,Yes
1623,80,1,0,0.00,3,51.5,90,23.0,8.20,9.5,No
1624,114,1,0,0.40,1,169.6,85,38.0,2.95,7.4,No
1625,98,0,0,0.00,1,158.4,71,53.0,15.33,2.1,No
1626,155,1,0,0.00,0,203.4,100,51.0,9.55,8.9,Yes
1627,54,0,0,0.00,1,214.1,77,57.0,12.03,10.1,No
1628,80,1,0,0.00,1,199.8,138,49.0,8.36,5.5,No
1629,107,1,1,2.03,1,114.3,132,57.3,9.99,7.5,No
1630,68,1,0,0.00,1,237.1,105,60.0,11.18,13.2,No
1631,142,1,0,0.42,0,216.8,134,57.2,9.39,8.3,No
1632,135,0,0,0.00,1,186.0,107,38.0,3.30,12.9,No
1633,134,1,0,0.00,0,141.7,95,42.0,10.28,8.8,No
1634,97,1,0,0.00,1,151.6,107,39.0,7.77,14.7,No
1635,73,1,1,3.11,0,194.4,104,80.1,8.80,11.5,No
1636,184,1,0,0.00,1,236.4,73,65.0,14.37,13.8,Yes
1637,99,1,1,1.97,2,87.7,103,53.7,11.15,7.3,No
1638,154,1,0,0.00,3,191.4,93,50.0,10.27,10.2,No
1639,70,1,0,0.00,0,175.4,130,44.0,7.98,11.6,No
1640,115,1,0,0.00,3,132.0,90,40.0,9.88,0.0,No
1641,86,1,0,0.00,2,126.3,115,36.0,8.44,9.8,No
1642,116,0,1,1.86,1,175.5,137,66.6,10.53,6.9,No
1643,159,1,0,0.00,1,189.1,105,54.0,12.31,10.4,Yes
1644,107,1,0,0.00,2,167.3,100,43.0,8.20,6.7,No
1645,122,1,0,0.00,0,144.2,87,43.0,10.61,9.5,No
1646,99,1,0,0.28,1,145.6,102,47.8,11.55,11.4,No
1647,108,1,1,2.57,2,169.8,136,69.7,8.69,9.5,No
1648,101,1,1,3.51,2,114.1,95,69.1,8.08,13.0,No
1649,118,1,1,2.59,5,170.8,114,71.9,9.98,9.6,Yes
1650,96,0,0,0.00,2,200.6,117,59.0,14.48,11.2,No
1651,81,1,1,2.48,4,167.9,147,69.8,9.54,9.2,Yes
1652,147,1,0,0.00,3,130.6,83,40.0,10.41,15.6,No
1653,65,1,1,2.40,1,158.1,104,79.0,16.11,8.9,No
1654,19,1,0,0.00,1,259.4,116,68.0,13.49,9.5,Yes
1655,96,1,1,2.78,3,248.8,124,82.8,7.02,10.3,No
1656,123,1,0,0.00,3,260.9,85,59.0,8.43,13.3,No
1657,120,1,0,0.26,1,192.6,123,53.6,10.32,10.8,No
1658,135,0,1,1.57,2,127.7,54,55.7,10.75,5.8,No
1659,130,1,0,0.00,0,124.3,70,45.0,13.54,3.5,No
1660,150,1,0,0.00,4,136.6,112,42.0,10.47,12.2,Yes
1661,115,1,1,3.11,1,222.6,81,86.1,9.52,11.5,No
1662,106,1,0,0.25,2,165.3,118,48.5,10.50,8.5,No
1663,121,1,0,0.00,1,181.5,121,50.0,10.92,8.5,No
1664,155,1,0,0.00,1,190.3,123,58.0,15.07,8.0,No
1665,66,1,1,2.30,0,141.7,87,70.0,13.42,8.5,No
1666,96,1,1,3.62,0,108.6,90,72.2,10.32,13.4,No
1667,133,0,1,4.16,2,221.1,137,102.6,13.25,15.4,Yes
1668,121,1,1,2.86,1,126.3,84,68.6,10.48,10.6,No
1669,28,1,0,0.00,3,236.8,102,55.0,8.36,9.7,No
1670,120,1,0,0.21,0,185.7,133,54.1,11.76,16.9,No
1671,127,0,0,0.00,2,242.2,102,61.0,11.31,13.9,Yes
1672,59,1,0,0.00,1,155.2,79,47.0,11.77,8.7,No
1673,80,1,0,0.23,3,202.4,118,59.3,13.01,9.2,No
1674,150,1,1,1.94,0,209.8,112,68.4,7.75,7.2,No
1675,148,1,1,2.67,1,158.7,91,67.7,8.03,9.9,No
1676,164,1,1,3.56,1,238.8,100,96.6,11.50,13.2,No
1677,10,1,0,0.00,2,183.0,103,50.0,10.74,8.7,No
1678,78,1,0,0.00,0,225.1,67,56.0,9.96,14.6,No
1679,149,1,1,2.94,1,206.7,79,79.4,8.73,10.9,No
1680,121,1,0,0.21,0,144.8,126,44.1,10.03,13.3,Yes
1681,27,1,0,0.00,3,177.6,121,56.0,14.84,7.6,No
1682,117,1,1,1.19,0,221.3,82,63.9,8.38,4.4,No
1683,105,1,0,0.00,6,106.4,71,39.0,12.01,5.3,Yes
1684,97,1,1,1.65,1,283.1,93,80.5,9.27,6.1,No
1685,161,1,0,0.00,2,72.8,120,36.0,13.36,11.8,No
1686,107,1,0,0.00,1,86.8,95,24.0,5.41,13.2,No
1687,106,1,0,0.00,3,208.3,89,50.0,8.47,15.9,No
1688,103,1,0,0.00,8,150.6,125,40.0,8.46,10.4,Yes
1689,64,1,0,0.00,1,219.6,126,64.0,15.17,9.7,No
1690,97,0,0,0.00,4,145.0,103,50.0,14.72,11.0,Yes
1691,122,1,1,2.27,3,195.4,83,79.7,13.41,8.4,No
1692,86,1,0,0.00,1,223.9,75,52.0,7.79,7.3,No
1693,11,1,1,1.62,3,190.6,86,68.2,11.01,6.0,No
1694,123,1,0,0.00,4,123.2,104,38.0,9.50,12.9,Yes
1695,96,1,0,0.00,2,98.2,100,43.0,15.36,7.6,No
1696,83,1,0,0.00,2,159.3,104,45.0,10.12,9.5,No
1697,16,1,0,0.00,1,209.5,89,51.0,8.64,8.8,No
1698,56,1,0,0.30,1,253.2,95,63.0,9.40,4.4,No
1699,118,0,1,3.00,4,156.5,122,75.0,10.46,11.1,Yes
1700,22,1,1,3.43,3,182.1,94,79.3,8.23,12.7,No
1701,83,1,1,2.84,0,107.9,90,59.4,7.02,10.5,No
1702,92,0,0,0.00,0,264.3,91,59.0,8.05,9.3,No
1703,66,1,0,0.00,1,146.4,107,42.0,9.83,7.8,No
1704,66,1,0,0.00,2,256.3,135,59.0,9.01,6.2,No
1705,149,1,1,3.86,1,198.9,77,96.6,13.70,14.3,No
1706,43,1,0,0.38,3,27.0,117,22.8,8.05,10.7,No
1707,105,1,0,0.00,2,140.6,109,40.0,8.93,6.8,No
1708,167,1,0,0.00,0,207.6,88,47.0,6.62,14.1,No
1709,13,1,0,0.00,1,146.4,74,38.0,7.43,11.3,No
1710,88,1,0,0.31,1,181.5,116,50.1,9.35,10.5,No
1711,95,1,1,3.21,0,40.9,126,51.1,6.67,11.9,No
1712,61,1,1,2.75,2,105.0,78,61.5,9.03,10.2,Yes
1713,95,1,0,0.00,2,157.3,116,44.0,9.88,8.4,No
1714,92,1,1,3.27,2,243.1,92,92.7,10.69,12.1,No
1715,18,1,0,0.00,1,273.6,93,57.0,5.73,8.2,No
1716,73,1,0,0.00,2,241.7,115,56.0,8.43,11.1,No
1717,46,1,0,0.00,3,196.7,85,51.0,10.30,11.2,No
1718,144,1,1,1.00,0,105.0,86,39.0,6.09,3.7,No
1719,92,1,0,0.00,0,249.4,118,61.0,10.58,9.1,No
1720,86,1,0,0.00,0,83.5,96,33.0,11.06,12.6,No
1721,33,0,0,0.00,1,190.6,100,47.0,8.09,13.0,No
1722,132,1,1,1.92,2,113.2,96,62.2,13.50,7.1,No
1723,68,1,0,0.00,2,219.6,97,50.0,7.06,10.8,No
1724,130,1,0,0.32,0,252.0,101,61.2,8.51,5.7,No
1725,92,0,0,0.00,1,62.6,111,26.0,9.03,10.4,Yes
1726,175,1,0,0.00,1,132.0,95,43.0,11.56,8.7,No
1727,162,1,0,0.33,2,217.6,87,64.3,13.95,10.4,Yes
1728,65,1,0,0.00,1,136.1,112,47.0,13.65,4.4,No
1729,105,1,0,0.00,1,101.4,48,31.0,7.96,12.2,No
1730,95,1,0,0.44,3,156.6,88,52.4,12.38,12.3,No
1731,65,1,0,0.00,3,211.3,120,50.0,8.13,13.2,No
1732,51,1,1,3.02,1,236.8,61,93.2,13.17,11.2,No
1733,103,1,0,0.00,1,160.8,91,41.0,7.79,8.5,No
1734,116,1,0,0.20,1,146.4,123,42.0,8.83,7.8,No
1735,130,1,0,0.23,1,115.6,129,36.3,8.39,12.6,No
1736,77,1,0,0.14,2,230.0,87,49.4,5.16,11.3,No
1737,107,1,0,0.00,1,230.4,65,62.0,12.87,8.5,No
1738,115,1,0,0.00,3,147.9,109,45.0,11.42,9.6,No
1739,129,1,0,0.00,0,334.3,118,74.0,9.61,10.4,Yes
1740,84,1,0,0.00,1,146.8,133,40.0,8.59,9.9,No
1741,124,1,0,0.00,0,194.0,103,54.0,12.05,11.9,No
1742,37,0,0,0.00,0,172.9,119,45.0,9.15,9.8,Yes
1743,67,1,0,0.31,2,129.0,78,41.1,9.40,11.2,No
1744,48,1,1,2.05,1,198.0,70,77.5,13.69,7.6,No
1745,152,0,1,3.83,9,237.5,120,100.3,12.67,14.2,Yes
1746,119,1,0,0.00,1,133.4,102,41.0,10.23,11.1,No
1747,144,1,0,0.00,2,177.5,93,55.0,14.37,11.9,No
1748,102,1,0,0.00,2,186.8,92,47.0,8.69,9.7,No
1749,119,1,0,0.00,1,94.2,108,39.0,13.21,7.3,No
1750,69,1,0,0.00,0,196.1,87,54.0,11.84,11.9,No
1751,127,0,0,0.26,2,180.9,114,51.6,10.48,7.4,No
1752,94,1,0,0.15,0,139.4,95,39.5,7.96,7.7,No
1753,100,1,0,0.00,1,218.8,125,50.0,7.42,9.7,No
1754,59,1,0,0.27,2,166.3,95,51.7,11.97,10.0,No
1755,121,1,0,0.00,1,177.2,142,41.0,6.18,8.4,No
1756,110,1,0,0.00,3,188.0,127,40.0,4.53,15.3,No
1757,78,1,0,0.34,0,140.7,77,44.4,9.76,11.7,No
1758,156,0,0,0.20,1,277.0,119,70.0,11.92,8.3,No
1759,172,1,0,0.00,3,215.7,140,50.0,7.32,7.1,No
1760,54,1,1,3.05,2,112.0,90,67.5,10.40,11.3,No
1761,81,1,1,2.62,0,210.4,100,81.2,11.28,9.7,No
1762,93,1,0,0.00,0,173.0,131,46.0,9.52,10.4,No
1763,66,1,0,0.24,1,87.6,76,40.4,13.10,9.2,No
1764,100,1,0,0.00,1,185.0,122,47.0,9.13,5.1,No
1765,87,1,0,0.00,3,184.5,81,46.0,8.60,13.7,No
1766,121,1,0,0.00,1,168.6,121,43.0,8.43,12.3,No
1767,86,1,0,0.35,0,216.3,96,63.5,13.32,4.5,No
1768,148,1,0,0.00,2,279.3,104,65.0,10.08,7.9,Yes
1769,46,1,0,0.26,2,214.1,72,53.6,8.22,8.2,No
1770,186,1,0,0.00,1,137.8,97,40.0,9.39,8.7,No
1771,165,1,0,0.00,6,154.2,91,50.0,13.43,10.9,No
1772,148,1,0,0.00,1,86.3,134,36.0,12.33,11.3,No
1773,146,1,0,0.00,2,169.5,93,49.0,11.55,9.0,No
1774,122,1,0,0.00,1,168.3,96,37.0,4.38,8.4,No
1775,147,1,1,3.73,5,254.2,78,100.3,11.41,13.8,No
1776,179,1,0,0.00,0,287.3,123,74.0,14.40,10.5,Yes
1777,110,0,0,0.00,0,293.3,79,66.0,9.43,14.5,Yes
1778,87,1,0,0.00,1,156.8,93,45.0,10.79,7.6,No
1779,148,1,0,0.45,1,185.2,87,50.5,8.52,9.5,No
1780,107,1,0,0.00,1,103.4,94,34.0,9.47,14.4,No
1781,88,1,0,0.26,3,144.3,116,40.6,7.82,7.8,No
1782,101,1,0,0.00,5,232.7,114,56.0,9.32,11.5,No
1783,99,1,0,0.00,4,198.2,87,52.0,10.37,8.7,No
1784,57,1,1,3.19,1,201.2,76,90.9,14.01,11.8,No
1785,139,1,0,0.00,4,181.6,119,60.0,16.79,8.3,No
1786,67,1,1,2.54,1,230.6,40,81.4,9.46,9.4,No
1787,123,1,1,3.38,1,198.7,127,88.8,12.45,12.5,No
1788,48,1,1,3.56,1,141.1,109,79.6,11.24,13.2,No
1789,75,1,1,2.48,0,214.1,62,78.8,10.05,9.2,No
1790,78,1,0,0.00,0,220.0,95,53.0,9.00,11.5,No
1791,97,1,1,2.32,2,90.0,87,62.2,13.82,8.6,Yes
1792,86,0,0,0.00,2,162.4,131,42.0,8.35,11.4,Yes
1793,105,1,0,0.00,0,270.9,98,66.0,11.31,8.8,Yes
1794,95,0,0,0.00,1,165.5,84,53.0,14.31,11.5,Yes
1795,64,0,0,0.00,1,225.3,134,48.0,5.41,17.3,Yes
1796,150,1,0,0.00,1,169.2,123,48.0,10.84,12.6,No
1797,204,1,0,0.00,3,205.2,145,49.0,7.74,14.1,No
1798,128,1,0,0.00,1,227.9,130,65.0,15.13,5.5,Yes
1799,65,1,0,0.33,0,195.4,110,52.3,9.06,8.9,No
1800,157,1,0,0.00,3,229.8,90,52.0,7.40,9.6,No
1801,138,1,0,0.00,0,220.2,89,45.0,4.42,12.9,No
1802,147,1,0,0.00,3,248.6,83,55.0,7.45,8.0,No
1803,96,1,1,2.30,1,150.0,91,63.0,7.97,8.5,No
1804,121,1,0,0.00,0,170.4,108,59.0,17.53,11.2,Yes
1805,140,1,0,0.28,3,129.6,79,45.8,12.31,9.4,No
1806,83,1,1,3.02,0,95.0,89,61.2,8.40,11.2,No
1807,49,1,1,2.16,3,214.4,78,78.6,11.76,8.0,No
1808,3,1,0,0.00,4,139.0,99,45.0,12.54,6.1,No
1809,76,0,0,0.30,1,273.3,66,72.0,13.18,12.0,Yes
1810,77,1,1,3.11,4,135.9,117,75.1,12.23,11.5,Yes
1811,170,1,0,0.21,0,246.4,107,64.1,11.41,9.1,No
1812,132,1,0,0.00,1,117.6,66,39.0,10.70,8.8,No
1813,155,1,1,2.32,0,195.9,91,75.2,10.70,8.6,No
1814,93,1,0,0.00,0,149.6,120,43.0,10.04,14.3,No
1815,165,1,0,0.00,1,242.9,126,60.0,10.49,0.0,No
1816,64,1,0,0.26,3,124.1,117,40.6,9.64,6.4,No
1817,31,1,0,0.00,0,177.3,129,44.0,7.64,5.1,No
1818,42,1,0,0.00,0,196.5,89,54.0,12.07,4.0,No
1819,146,0,0,0.00,1,111.1,126,46.0,15.67,10.5,No
1820,105,1,0,0.33,1,193.7,108,52.3,9.16,10.8,No
1821,74,1,0,0.00,1,165.3,120,45.0,9.93,9.8,No
1822,88,1,0,0.00,3,138.3,116,44.0,11.80,9.6,No
1823,91,1,1,1.67,1,146.1,98,65.7,13.87,6.2,No
1824,74,1,0,0.34,0,187.7,127,49.4,8.17,9.1,No
1825,104,1,1,3.62,2,182.1,66,86.2,10.68,13.4,No
1826,123,1,0,0.00,5,242.2,87,61.0,11.31,8.2,Yes
1827,96,1,0,0.00,1,276.9,105,69.0,12.35,10.3,Yes
1828,157,1,0,0.00,3,276.2,95,62.0,8.29,2.2,No
1829,112,1,1,2.62,0,183.2,95,79.2,12.64,9.7,No
1830,165,1,1,2.57,3,167.4,113,69.7,8.64,9.5,No
1831,141,1,1,2.16,4,185.4,87,68.6,8.93,8.0,No
1832,113,1,0,0.00,1,155.0,93,55.0,16.53,13.5,No
1833,90,1,0,0.28,2,114.4,122,33.8,6.39,10.1,No
1834,120,1,0,0.00,0,221.3,106,61.0,13.38,9.3,No
1835,61,1,0,0.00,1,197.3,67,57.0,13.23,9.0,No
1836,84,1,0,0.00,0,169.5,96,43.0,7.88,10.6,No
1837,23,1,0,0.00,6,190.2,89,47.0,8.32,15.0,No
1838,127,1,1,3.29,2,129.7,115,68.9,8.04,12.2,No
1839,111,1,0,0.00,0,249.8,109,64.0,12.12,11.6,Yes
1840,140,1,0,0.26,1,162.6,98,48.6,10.31,8.2,No
1841,120,1,0,0.00,2,252.0,120,56.0,7.51,9.6,No
1842,99,1,1,2.46,1,200.7,88,81.6,13.21,9.1,No
1843,121,1,0,0.00,1,150.7,105,43.0,9.87,9.2,No
1844,44,1,0,0.32,1,143.2,77,42.2,8.49,7.6,No
1845,38,1,1,4.10,2,115.4,98,75.0,8.31,15.2,No
1846,100,1,0,0.33,4,210.9,85,67.3,16.47,9.4,No
1847,84,1,0,0.26,2,190.2,102,52.6,9.89,9.8,No
1848,36,1,0,0.00,2,177.9,129,50.0,11.23,10.8,No
1849,64,1,1,1.22,0,94.4,104,40.2,6.81,4.5,No
1850,51,1,0,0.00,1,232.4,109,56.0,9.37,9.1,No
1851,85,1,0,0.00,2,96.7,97,33.0,9.69,9.7,No
1852,30,1,0,0.00,3,145.0,76,46.0,12.04,7.1,No
1853,132,1,1,3.11,0,182.9,54,87.1,14.62,11.5,No
1854,37,1,0,0.00,2,239.9,120,64.0,13.08,8.9,Yes
1855,74,1,0,0.00,2,124.0,102,44.0,13.11,11.7,No
1856,81,1,0,0.00,3,183.6,116,45.0,7.63,12.2,No
1857,62,1,0,0.00,3,186.8,94,50.0,10.38,8.8,No
1858,144,1,0,0.21,4,61.6,117,20.1,3.86,8.2,Yes
1859,91,0,0,0.00,2,246.4,110,58.0,9.10,12.1,Yes
1860,163,1,1,3.73,2,219.6,99,93.3,10.52,13.8,No
1861,147,0,1,2.19,3,219.9,118,77.9,10.43,8.1,No
1862,21,1,0,0.00,5,92.6,95,30.0,8.10,11.3,Yes
1863,133,1,1,3.81,2,174.0,80,86.1,10.47,14.1,Yes
1864,21,1,0,0.00,0,146.0,78,35.0,5.49,6.8,No
1865,131,1,0,0.00,2,263.4,123,58.0,7.60,10.7,No
1866,95,1,0,0.00,1,135.0,99,39.0,9.18,12.5,No
1867,114,1,1,3.51,0,222.8,98,89.1,9.03,13.0,No
1868,154,1,0,0.00,0,166.9,99,42.0,7.75,7.2,No
1869,88,1,0,0.00,1,264.8,124,66.0,12.27,14.8,Yes
1870,88,1,0,0.00,3,183.5,93,46.0,8.53,8.3,No
1871,105,1,1,2.19,2,236.5,111,72.9,5.85,8.1,No
1872,156,1,0,0.42,1,150.5,106,43.2,7.65,3.5,No
1873,117,1,1,2.35,2,205.7,98,70.5,6.81,8.7,No
1874,67,1,1,2.67,2,115.6,111,66.7,11.89,9.9,No
1875,57,1,0,0.00,3,161.0,113,46.0,10.40,8.4,No
1876,75,0,0,0.00,4,211.3,61,45.0,5.28,9.7,Yes
1877,64,1,1,3.59,1,154.6,92,69.9,4.17,13.3,No
1878,184,1,1,2.75,0,200.3,76,83.5,12.68,10.2,No
1879,55,0,0,0.32,1,191.9,91,58.2,12.81,14.3,Yes
1880,129,1,0,0.00,4,143.7,114,50.0,14.89,11.4,No
1881,110,1,0,0.33,1,208.0,69,47.3,4.76,8.0,No
1882,65,1,0,0.00,1,116.8,87,36.0,8.95,14.1,No
1883,71,1,1,3.54,1,115.4,90,74.4,10.87,13.1,No
1884,173,1,0,0.00,0,172.5,78,42.0,7.13,10.9,No
1885,79,1,0,0.00,3,261.7,97,63.0,10.53,6.0,Yes
1886,46,1,0,0.21,1,210.2,92,58.1,11.37,13.1,No
1887,120,1,0,0.00,1,165.0,100,56.0,15.86,8.3,No
1888,176,1,0,0.00,3,223.2,76,57.0,10.72,10.1,No
1889,131,1,0,0.00,2,196.1,89,50.0,9.28,5.2,No
1890,141,1,0,0.24,2,160.1,87,52.4,12.84,7.0,No
1891,87,1,0,0.29,1,228.7,90,55.9,8.15,11.8,No
1892,90,1,1,1.57,1,150.1,109,64.7,13.24,5.8,No
1893,189,1,0,0.00,3,208.3,106,56.0,11.84,11.3,No
1894,113,1,0,0.00,1,272.1,111,70.0,13.43,8.5,Yes
1895,20,1,0,0.00,2,186.8,89,54.0,12.67,12.3,No
1896,48,1,1,2.16,1,172.0,111,68.6,10.01,8.0,No
1897,92,1,0,0.27,2,181.4,98,47.7,8.23,10.9,No
1898,105,1,1,2.30,0,193.5,85,75.0,11.01,8.5,No
1899,50,1,0,0.00,3,188.9,94,50.0,10.20,11.6,No
1900,117,0,0,0.00,1,287.4,118,71.0,12.98,10.0,Yes
1901,189,1,1,4.16,1,155.2,116,84.6,9.78,15.4,No
1902,177,1,1,2.81,1,230.2,106,84.1,9.81,10.4,No
1903,128,1,1,3.78,1,171.2,88,79.8,7.29,14.0,No
1904,45,1,0,0.00,1,78.6,106,30.0,9.37,7.4,Yes
1905,170,1,0,0.00,1,285.7,44,63.0,8.38,8.7,Yes
1906,61,0,0,0.00,2,78.2,103,30.0,9.80,10.1,No
1907,40,0,0,0.23,0,220.8,100,63.3,13.29,6.4,No
1908,74,1,1,3.94,2,193.7,91,93.4,12.31,14.6,No
1909,113,1,0,0.00,2,156.0,141,49.0,12.84,11.9,No
1910,68,1,0,0.00,3,148.8,70,47.0,12.33,12.1,No
1911,102,1,1,3.86,0,214.7,86,102.6,15.72,14.3,No
1912,64,1,0,0.00,2,174.5,98,45.0,9.01,10.7,No
1913,87,1,0,0.00,4,256.2,105,58.0,8.04,7.4,No
1914,27,1,0,0.00,0,193.8,102,44.0,5.95,9.2,No
1915,126,0,1,2.59,1,129.3,123,62.9,8.83,9.6,No
1916,116,1,0,0.00,1,51.1,106,27.0,10.43,12.3,No
1917,68,0,1,3.65,1,195.5,113,84.5,8.58,13.5,Yes
1918,82,1,0,0.00,0,101.0,93,31.0,7.78,13.3,No
1919,110,1,0,0.30,1,222.7,94,50.0,5.29,13.5,No
1920,63,1,0,0.00,3,132.9,122,29.0,3.35,9.9,No
1921,117,1,0,0.00,2,181.5,95,49.0,10.26,14.7,No
1922,128,1,0,0.00,0,125.2,99,39.0,10.27,18.9,No
1923,57,1,0,0.00,0,169.6,96,49.0,11.74,11.2,No
1924,157,1,0,0.00,1,152.7,105,48.0,12.88,9.4,No
1925,108,1,0,0.00,0,210.6,117,50.0,8.21,9.4,No
1926,149,1,0,0.00,4,119.2,88,35.0,8.42,12.2,Yes
1927,95,1,0,0.00,1,237.3,83,54.0,7.70,11.2,No
1928,30,1,0,0.00,2,162.3,96,49.0,12.20,9.1,No
1929,101,1,0,0.25,3,217.7,118,59.5,11.59,0.0,No
1930,90,1,0,0.32,2,157.9,72,50.2,11.70,12.2,No
1931,84,1,0,0.27,1,86.0,83,39.7,13.04,8.9,No
1932,127,1,1,2.08,1,235.6,124,81.8,11.84,7.7,No
1933,87,1,1,1.92,2,240.8,102,67.2,3.80,7.1,No
1934,68,1,0,0.00,2,143.6,80,36.0,6.72,15.5,No
1935,110,1,0,0.00,4,242.5,110,56.0,8.12,7.8,No
1936,72,1,0,0.00,1,138.9,111,42.0,10.58,10.8,No
1937,115,1,0,0.00,1,245.0,97,63.0,12.54,13.7,Yes
1938,112,1,0,0.00,0,166.0,79,35.0,3.73,6.3,No
1939,39,1,0,0.00,1,295.4,126,70.0,11.61,11.5,Yes
1940,87,1,0,0.00,0,58.0,125,16.0,3.38,11.5,No
1941,56,1,0,0.16,4,162.3,99,42.6,7.46,14.8,Yes
1942,89,1,1,2.35,1,209.9,113,80.5,12.49,8.7,No
1943,43,1,0,0.26,2,159.5,99,40.6,5.99,6.8,No
1944,123,1,1,3.56,1,305.2,80,101.6,7.83,13.2,No
1945,209,1,0,0.00,3,227.2,128,61.0,12.92,8.9,No
1946,107,1,1,3.21,1,201.8,79,93.1,15.25,11.9,No
1947,20,1,1,1.92,0,171.5,98,62.2,7.66,7.1,No
1948,51,1,0,0.00,1,229.7,129,68.0,16.80,9.6,Yes
1949,62,1,0,0.00,1,281.0,66,62.0,8.03,0.0,No
1950,64,1,1,2.03,1,291.1,150,89.3,11.34,7.5,No
1951,88,1,0,0.00,2,65.4,97,26.0,8.41,13.8,No
1952,157,1,0,0.00,2,240.2,67,54.0,7.65,10.2,No
1953,95,1,0,0.00,2,269.0,120,66.0,11.69,7.3,Yes
1954,122,1,0,0.39,1,170.5,94,47.9,8.69,11.3,No
1955,116,1,0,0.00,0,129.4,84,36.0,7.87,13.3,No
1956,85,1,0,0.00,3,255.3,114,60.0,9.73,3.7,No
1957,42,1,0,0.00,1,303.9,106,72.0,11.61,5.8,Yes
1958,108,1,1,2.59,4,162.1,83,68.9,8.59,9.6,Yes
1959,172,1,0,0.00,2,270.0,102,68.0,12.83,12.0,Yes
1960,177,1,0,0.00,1,175.7,120,45.0,8.43,14.6,No
1961,77,1,0,0.00,1,142.3,112,51.0,15.32,9.9,No
1962,13,1,0,0.00,4,193.2,89,50.0,9.72,9.7,No
1963,109,1,1,2.86,5,230.5,116,90.6,13.29,10.6,No
1964,83,1,1,2.35,3,272.5,105,91.5,12.65,8.7,No
1965,101,1,0,0.00,1,220.3,124,54.0,9.43,10.6,No
1966,92,0,0,0.00,0,255.8,125,56.0,7.14,11.7,No
1967,63,1,1,3.32,1,152.2,119,79.2,11.36,12.3,No
1968,87,1,0,0.00,1,237.2,124,60.0,11.13,11.0,No
1969,75,1,0,0.00,2,314.6,102,68.0,8.49,5.7,Yes
1970,205,1,0,0.32,2,49.9,123,25.2,7.54,10.1,No
1971,99,1,1,2.51,2,216.0,125,82.1,11.62,9.3,Yes
1972,128,1,0,0.00,1,148.5,105,46.0,12.15,6.8,No
1973,74,1,0,0.00,0,221.1,124,48.0,5.54,10.6,No
1974,110,1,0,0.34,1,192.6,102,51.4,8.95,9.4,No
1975,119,1,0,0.00,5,159.1,114,47.0,11.57,8.8,Yes
1976,111,1,1,3.02,3,166.2,54,79.2,11.94,11.2,No
1977,81,1,0,0.00,1,145.4,132,36.0,6.47,5.2,No
1978,67,1,0,0.35,1,215.5,102,56.5,9.54,8.6,No
1979,180,1,0,0.40,1,143.3,134,44.0,9.03,10.1,No
1980,37,0,1,2.48,1,149.7,122,68.8,10.56,9.2,No
1981,129,0,0,0.39,1,192.9,131,52.9,9.28,10.9,No
1982,91,1,0,0.00,3,203.1,106,53.0,10.51,12.0,No
1983,136,1,0,0.00,1,152.6,97,44.0,10.45,5.0,No
1984,107,1,0,0.00,1,157.1,79,41.0,8.13,12.1,No
1985,130,1,1,2.00,0,185.0,117,73.0,12.48,7.4,No
1986,118,1,1,3.43,2,91.5,125,69.3,11.00,12.7,No
1987,95,1,0,0.00,2,142.5,109,40.0,8.81,8.2,No
1988,89,1,0,0.00,1,179.7,128,57.0,14.99,7.6,No
1989,85,1,0,0.25,0,127.9,107,47.5,13.56,12.5,No
1990,53,1,0,0.00,2,184.8,98,50.0,10.82,18.4,No
1991,125,1,0,0.00,0,224.9,102,51.0,7.19,8.0,No
1992,41,1,1,1.94,0,213.8,102,68.4,7.09,7.2,No
1993,65,1,0,0.00,1,111.0,51,38.0,10.99,4.4,No
1994,82,1,0,0.00,1,154.0,107,35.0,4.72,10.1,No
1995,68,1,1,1.30,3,82.5,97,52.0,14.50,4.8,No
1996,143,1,1,3.13,1,186.6,69,82.3,11.10,11.6,No
1997,152,1,0,0.22,2,101.2,122,32.2,7.08,7.5,No
1998,168,1,1,3.08,2,97.4,57,64.8,10.18,11.4,No
1999,84,1,1,2.89,1,89.7,87,56.9,6.93,10.7,No
2000,96,1,0,0.00,1,179.5,125,45.0,8.12,6.6,No
2001,109,1,0,0.00,1,222.2,113,57.0,10.93,10.9,No
2002,47,1,1,2.11,1,141.3,94,60.1,8.40,7.8,No
2003,103,1,0,0.38,2,70.9,134,27.8,6.73,12.0,No
2004,111,1,0,0.00,3,146.2,55,48.0,13.08,8.7,No
2005,61,0,1,3.05,0,143.5,76,76.5,12.13,11.3,No
2006,98,1,1,3.46,3,179.9,97,81.6,9.46,12.8,No
2007,43,1,0,0.00,1,168.4,125,50.0,12.19,11.1,No
2008,137,1,0,0.29,2,141.1,91,39.9,7.36,8.0,No
2009,36,1,1,2.43,2,281.4,102,90.3,10.11,9.0,No
2010,28,1,0,0.00,0,187.8,94,54.0,12.43,10.6,No
2011,98,1,1,1.19,4,161.2,114,60.9,12.61,4.4,No
2012,146,1,0,0.00,1,109.0,69,42.0,13.29,12.6,No
2013,95,1,0,0.00,1,183.4,98,56.0,14.07,8.2,No
2014,143,1,0,0.00,2,194.3,99,44.0,6.18,10.2,No
2015,64,0,0,0.26,3,146.7,83,40.6,7.42,12.5,No
2016,108,1,0,0.00,4,112.0,105,36.0,9.69,4.1,Yes
2017,109,1,0,0.42,2,218.9,105,67.2,15.00,11.3,No
2018,83,1,0,0.00,0,117.9,101,34.0,8.02,11.4,No
2019,92,0,0,0.21,2,130.7,113,47.1,13.03,9.4,Yes
2020,119,1,0,0.00,0,124.3,68,39.0,10.36,14.8,No
2021,90,1,1,2.08,1,183.8,76,71.8,11.49,7.7,No
2022,87,1,1,0.00,1,151.4,95,39.0,7.62,0.0,No
2023,197,1,0,0.00,0,233.9,96,59.0,10.95,9.5,No
2024,85,1,1,3.11,1,173.1,107,82.1,12.36,11.5,No
2025,98,1,0,0.20,0,217.2,121,65.0,15.17,12.4,Yes
2026,129,1,0,0.00,0,139.5,119,49.0,14.47,13.1,No
2027,135,1,0,0.00,5,263.8,66,67.0,12.57,8.4,Yes
2028,32,1,0,0.00,1,157.9,88,43.0,9.04,12.8,No
2029,60,1,0,0.00,1,220.6,57,56.0,10.56,6.8,No
2030,120,1,1,0.00,1,128.5,115,36.0,8.19,0.0,No
2031,94,1,0,0.00,3,118.7,90,38.0,10.26,10.4,No
2032,92,1,0,0.00,2,139.8,98,39.0,8.75,9.4,No
2033,212,1,0,0.00,1,126.0,96,34.0,7.22,7.6,No
2034,148,1,0,0.00,1,208.4,120,51.0,8.72,11.2,No
2035,86,1,1,3.21,3,253.1,112,93.1,10.51,11.9,No
2036,95,1,0,0.00,2,167.6,96,44.0,8.80,13.4,No
2037,38,1,0,0.00,2,117.3,114,38.0,10.44,14.4,No
2038,100,1,0,0.20,2,264.5,117,64.0,9.70,7.5,Yes
2039,107,0,0,0.00,2,194.4,83,55.0,12.39,11.2,No
2040,21,1,1,3.48,3,132.7,94,74.8,10.23,12.9,No
2041,117,1,0,0.00,1,143.3,103,43.0,10.57,11.5,No
2042,168,1,1,1.97,2,175.9,70,67.7,10.59,7.3,No
2043,37,0,0,0.00,2,106.6,76,31.0,7.37,9.6,No
2044,108,1,0,0.00,1,215.6,78,54.0,9.77,3.6,No
2045,140,1,0,0.00,2,235.5,81,62.0,12.86,11.5,No
2046,46,1,1,1.94,1,191.4,102,83.4,18.09,7.2,No
2047,134,1,0,0.00,1,183.8,111,42.0,6.18,6.1,No
2048,92,1,1,3.19,1,172.3,116,83.9,13.31,11.8,No
2049,42,1,0,0.00,1,92.2,108,34.0,10.56,13.1,No
2050,123,1,0,0.26,2,257.9,92,64.6,10.58,9.4,No
2051,124,1,0,0.00,3,157.4,107,42.0,8.39,8.8,No
2052,82,1,0,0.00,1,143.7,116,39.0,8.54,7.8,No
2053,41,1,1,3.00,1,191.7,109,79.0,9.65,11.1,No
2054,111,1,0,0.00,4,132.6,125,42.0,11.06,12.7,Yes
2055,97,1,0,0.00,2,239.8,125,60.0,10.74,8.7,No
2056,75,1,0,0.00,1,143.2,92,43.0,10.46,11.9,No
2057,110,1,0,0.00,2,271.1,108,67.0,11.85,9.8,Yes
2058,89,1,0,0.00,1,134.9,59,37.0,7.80,10.2,No
2059,72,1,0,0.28,2,179.9,113,46.8,7.49,9.8,No
2060,97,1,0,0.00,3,169.7,84,43.0,8.30,12.8,No
2061,101,1,0,0.00,1,183.9,115,54.0,12.80,10.8,No
2062,127,1,0,0.35,1,134.9,79,45.5,11.08,15.0,No
2063,186,1,1,3.92,2,74.3,107,67.2,8.87,14.5,No
2064,47,1,1,2.11,2,163.5,77,67.1,10.16,7.8,No
2065,108,1,0,0.00,2,293.0,88,64.0,8.03,10.0,No
2066,133,1,0,0.00,2,277.3,138,67.0,11.42,12.8,Yes
2067,167,1,0,0.00,4,169.2,124,44.0,8.67,12.4,Yes
2068,21,1,1,2.57,6,135.9,90,72.7,13.55,9.5,No
2069,110,1,0,0.00,2,159.5,145,45.0,10.12,16.7,No
2070,189,1,0,0.00,2,227.4,84,54.0,8.80,6.3,No
2071,124,1,0,0.00,1,188.5,77,48.0,9.10,6.1,No
2072,139,1,0,0.00,1,221.3,140,52.0,7.89,11.3,No
2073,42,1,0,0.00,1,146.3,84,47.0,12.80,8.0,No
2074,116,1,1,1.62,2,183.6,138,65.2,10.19,6.0,No
2075,65,1,0,0.00,1,207.7,109,54.0,10.88,8.0,No
2076,93,0,0,0.00,0,312.0,109,65.0,6.47,10.5,Yes
2077,98,1,0,0.38,5,227.1,116,52.8,6.03,4.7,Yes
2078,80,1,1,2.51,0,196.4,115,72.1,7.52,9.3,No
2079,36,1,0,0.00,3,235.1,97,57.0,9.84,7.0,No
2080,98,1,0,0.00,4,161.0,117,44.0,9.55,12.1,No
2081,169,1,0,0.00,3,147.2,115,39.0,8.10,7.2,No
2082,134,1,0,0.00,0,202.7,105,54.0,11.25,12.1,No
2083,12,1,0,0.00,2,204.6,98,53.0,10.63,9.8,No
2084,124,1,0,0.00,2,150.3,101,48.0,12.80,12.5,No
2085,140,1,0,0.00,1,160.5,114,48.0,12.03,11.3,No
2086,113,1,1,2.35,5,157.8,83,64.5,8.08,8.7,Yes
2087,143,1,0,0.29,1,110.1,113,36.9,8.45,9.2,No
2088,86,1,0,0.00,1,150.5,92,36.0,6.02,9.0,No
2089,69,1,0,0.41,0,195.1,91,60.1,13.08,11.4,No
2090,81,1,0,0.28,2,220.8,77,53.8,7.43,7.6,No
2091,94,1,0,0.00,2,220.8,111,51.0,7.81,10.5,No
2092,106,1,0,0.00,2,147.9,97,43.0,10.47,8.8,No
2093,96,1,0,0.30,1,144.0,102,47.0,11.24,10.0,No
2094,149,1,1,1.76,0,148.5,106,52.6,5.73,6.5,No
2095,79,1,0,0.00,5,157.6,85,44.0,9.71,9.4,Yes
2096,90,1,1,3.40,2,156.7,51,81.0,11.83,12.6,No
2097,64,1,1,1.59,8,210.0,116,71.9,11.64,5.9,No
2098,81,1,0,0.00,1,261.4,141,63.0,10.79,8.0,Yes
2099,49,1,0,0.15,1,236.6,91,60.5,11.05,8.9,No
2100,64,1,1,2.43,3,228.6,88,84.3,12.43,9.0,No
2101,78,1,0,0.00,1,108.6,108,37.0,10.50,7.9,Yes
2102,117,0,0,0.00,1,198.4,121,55.0,12.48,10.5,No
2103,76,0,0,0.34,1,241.0,120,64.4,11.59,9.9,Yes
2104,97,1,0,0.00,1,112.7,119,38.0,10.89,6.5,No
2105,86,0,0,0.00,1,266.1,120,61.0,9.10,10.3,No
2106,124,1,0,0.00,3,251.5,85,61.0,10.71,11.1,No
2107,81,0,1,2.13,1,237.1,76,84.3,13.21,7.9,No
2108,146,1,1,3.94,1,176.6,88,83.4,8.14,14.6,No
2109,129,1,1,1.78,1,196.6,89,66.8,9.03,6.6,No
2110,75,1,1,3.02,1,248.9,93,87.2,8.54,11.2,No
2111,47,1,1,2.24,1,172.9,109,64.4,6.88,8.3,No
2112,74,1,0,0.22,0,102.7,89,33.2,7.47,11.0,No
2113,82,1,1,2.89,1,155.2,131,76.9,12.23,10.7,No
2114,30,1,0,0.00,3,137.6,108,38.0,8.10,5.8,No
2115,87,1,1,2.75,2,125.0,99,69.5,11.77,10.2,No
2116,104,1,0,0.00,0,97.2,88,30.0,7.78,12.4,No
2117,30,1,0,0.00,0,247.4,107,58.0,8.80,11.3,No
2118,83,1,0,0.00,1,208.9,71,54.0,10.74,13.0,No
2119,55,1,0,0.00,2,286.7,100,61.0,6.72,6.9,No
2120,117,1,1,1.84,1,198.1,86,67.4,8.85,6.8,No
2121,70,1,0,0.30,2,156.4,108,45.0,8.55,8.6,No
2122,133,1,0,0.00,1,162.1,91,46.0,10.61,12.2,No
2123,86,1,0,0.00,0,217.8,93,56.0,10.74,11.3,No
2124,172,1,0,0.00,3,287.1,108,64.0,8.92,14.4,Yes
2125,128,1,0,0.00,1,187.3,84,55.0,13.54,10.1,No
2126,123,1,0,0.00,3,206.9,115,55.0,11.22,8.3,No
2127,35,1,0,0.00,2,179.2,59,55.0,14.17,5.8,No
2128,135,1,0,0.32,3,155.2,100,41.2,6.80,3.8,No
2129,94,1,0,0.00,1,245.0,112,57.0,9.02,9.7,No
2130,62,1,0,0.00,2,189.5,122,42.0,5.19,10.8,No
2131,25,1,0,0.00,2,134.3,98,41.0,10.12,12.6,No
2132,149,0,0,0.27,3,180.9,79,50.7,9.75,8.8,No
2133,159,1,1,3.40,2,153.6,93,79.0,10.85,12.6,No
2134,104,1,1,3.00,1,189.1,112,78.0,8.91,11.1,No
2135,114,1,1,3.13,1,129.0,77,78.3,14.50,11.6,No
2136,136,1,0,0.00,7,163.4,83,49.0,12.47,9.8,No
2137,74,1,1,3.56,4,154.1,122,78.6,9.77,13.2,No
2138,57,1,0,0.20,2,149.3,100,45.0,10.01,11.9,No
2139,114,1,0,0.00,2,193.0,101,55.0,12.50,9.6,No
2140,41,1,1,1.59,1,207.3,95,62.9,6.87,5.9,No
2141,64,1,0,0.31,3,213.5,93,54.1,8.33,14.1,No
2142,91,0,0,0.00,1,151.8,115,35.0,5.18,12.2,No
2143,179,1,0,0.00,1,170.7,54,46.0,9.56,13.3,No
2144,106,1,0,0.00,0,194.8,133,52.0,10.67,11.5,No
2145,59,1,0,0.00,2,107.8,113,37.0,10.83,9.9,No
2146,149,1,1,2.75,0,147.8,132,76.5,13.84,10.2,No
2147,201,1,0,0.24,1,212.7,72,58.4,11.26,7.0,No
2148,108,0,0,0.38,2,115.1,114,41.8,10.57,13.8,Yes
2149,70,1,0,0.31,0,177.4,125,53.1,11.31,10.9,No
2150,62,1,0,0.00,4,245.3,91,53.0,6.15,8.5,No
2151,81,1,0,0.00,1,154.5,84,45.0,10.81,13.7,No
