Individual,BureauInquiries,CreditUsage,TotalCredit,CollectionReports,MissedPayments,HomeOwner,CreditAge,TimeOnJob,CreditScore
1,7,0.270,18000,0,2,0,6.40,3,656
2,7,0.230,16000,0,1,1,6.70,6,695
3,7,0.270,18000,0,1,0,6.40,3,719
4,8,0.230,21000,0,0,1,7.10,6,640
5,8,0.420,32000,0,2,0,10.10,6,577
6,6,0.170,19000,0,0,1,8.20,11,746
7,6,0.660,24000,0,0,1,5.40,15,763
8,6,0.310,8000,0,0,1,7.50,5,589
9,6,0.660,24000,0,0,1,5.40,15,791
10,6,0.310,20000,0,0,1,5.00,10,681
11,6,0.260,20000,0,0,1,7.50,8,821
12,6,0.270,20500,0,0,1,7.00,7,710
13,7,0.250,16000,0,2,1,7.20,8,726
14,7,0.280,18500,0,0,1,7.50,8,749
15,7,0.270,25000,0,0,1,7.80,11,668
16,8,0.140,17000,0,0,1,6.60,7,748
17,7,0.250,18000,0,0,1,6.40,9,693
18,5,0.270,11000,0,2,1,5.60,7,600
19,6,0.390,11500,0,0,1,5.00,7,649
20,6,0.240,19500,0,1,0,5.20,5,710
21,6,0.230,13000,1,1,1,8.50,5,678
22,6,0.450,15000,1,4,1,7.40,6,485
23,6,0.460,12500,1,2,1,7.40,6,624
24,7,0.310,13000,0,1,1,6.40,6,693
25,6,0.180,17500,0,0,1,5.70,9,733
26,6,0.250,17500,0,1,1,7.00,10,748
27,7,0.210,17000,0,2,0,7.80,5,681
28,6,0.380,7500,0,0,0,5.60,7,715
29,7,0.200,18000,0,0,1,5.70,6,685
30,6,0.220,12000,0,0,0,6.80,2,696
31,6,0.190,13000,0,0,1,5.70,3,691
32,7,0.240,13500,0,0,1,6.90,7,673
33,6,0.350,5000,0,0,1,8.30,4,628
34,6,0.250,7500,0,2,1,6.40,6,619
35,6,0.270,15000,1,2,1,10.00,7,583
36,7,0.240,15500,1,1,1,5.50,5,563
37,7,0.320,17000,0,0,1,9.00,13,714
38,6,0.540,15000,0,0,1,5.00,4,567
39,6,0.220,15500,0,0,1,11.80,8,703
40,7,0.200,18000,0,1,1,9.60,4,661
41,7,0.340,11000,1,2,1,6.00,7,575
42,7,0.220,15000,0,1,1,6.50,5,705
43,6,0.250,15500,1,1,1,7.10,6,663
44,7,0.430,30500,0,1,0,6.10,3,630
45,7,0.390,31500,0,1,0,6.10,3,682
46,6,0.270,22500,0,3,0,7.00,4,579
47,7,0.170,16000,0,0,1,6.50,11,731
48,6,0.340,33000,0,2,1,7.40,3,650
49,8,0.265,18000,0,0,0,5.20,11,705
50,6,0.340,33000,0,2,1,7.40,3,687
51,7,0.130,17000,0,0,1,5.60,4,651
52,7,0.230,17500,0,2,1,8.30,4,676
53,7,0.230,17500,0,2,1,8.30,4,664
54,6,0.330,15000,1,2,1,9.90,7,608
55,7,0.270,24000,1,4,0,7.70,3,546
56,7,0.310,25000,0,2,0,7.60,4,648
57,6,0.410,18000,0,1,1,7.30,4,571
58,6,0.410,18000,0,1,1,7.30,4,557
59,7,0.140,21000,0,0,1,6.40,12,666
60,7,0.310,26000,1,2,0,7.60,4,558
61,7,0.320,25000,1,2,0,7.60,4,553
62,7,0.240,17000,0,0,0,8.40,3,621
63,7,0.160,16500,0,0,1,5.10,6,634
64,6,0.240,16000,0,2,1,8.10,6,693
65,6,0.300,28000,0,1,1,8.70,9,754
66,6,0.240,16000,0,2,1,8.10,6,687
67,6,0.425,20000,0,3,1,8.00,4,646
68,6,0.240,14500,0,2,1,7.60,4,578
69,6,0.270,16500,0,3,1,8.80,5,546
70,6,0.310,17000,0,0,1,6.60,7,633
71,7,0.370,34500,0,1,1,6.10,3,574
72,7,0.210,20000,0,0,1,8.40,9,665
73,6,0.255,18500,0,0,0,5.70,9,703
74,6,0.595,9000,1,2,1,5.00,4,453
75,6,0.250,15000,0,0,0,5.20,5,706
76,6,0.250,15000,0,0,0,5.20,5,693
77,7,0.240,21000,0,1,0,6.70,3,707
78,7,0.240,21000,0,1,0,6.70,3,722
79,5,0.440,4000,0,0,1,4.30,13,825
80,6,0.320,12000,0,0,1,6.20,14,772
81,7,0.240,21000,0,1,0,6.70,3,735
82,7,0.230,20000,1,3,1,7.40,6,558
83,8,0.270,23000,0,2,1,8.80,5,653
84,7,0.290,16500,0,1,0,8.90,4,608
85,7,0.300,24000,0,0,0,8.10,15,700
86,6,0.220,21500,0,0,1,4.50,11,772
87,6,0.670,5500,1,2,0,5.10,3,496
88,6,0.330,15500,0,2,1,9.90,4,690
89,7,0.340,7500,0,2,0,6.60,4,626
90,6,0.260,29000,0,2,0,9.90,4,616
91,6,0.290,29000,0,2,0,9.90,4,593
92,6,0.240,21500,0,2,0,9.70,6,662
93,5,0.300,12500,0,0,1,7.00,10,603
94,6,0.530,17500,0,0,1,8.10,15,802
95,6,0.280,16000,0,3,0,8.70,3,521
96,6,0.280,21000,0,2,0,7.10,3,560
97,6,0.280,18000,0,0,0,5.20,11,718
98,6,0.300,22500,0,1,0,5.30,4,736
99,6,0.260,13000,1,2,1,7.70,3,562
100,6,0.270,14000,0,2,1,7.90,4,627
101,7,0.320,13000,1,2,0,7.40,3,566
102,5,0.280,19500,1,1,1,7.60,7,501
103,6,0.570,15500,0,0,1,11.60,7,573
104,6,0.400,15500,0,1,1,11.50,5,711
105,5,0.245,13500,0,0,1,5.50,8,606
106,6,0.180,19000,0,0,1,8.60,10,773
107,6,0.250,12500,0,0,1,6.30,10,757
108,7,0.270,19000,0,2,0,4.00,10,627
109,5,0.280,13000,0,2,1,6.20,5,550
110,7,0.230,19000,0,2,0,4.00,10,627
111,7,0.240,21500,0,0,1,5.10,3,578
112,8,0.280,20000,0,1,1,7.80,5,708
113,7,0.230,19000,0,1,0,6.00,4,697
114,7,0.260,29500,0,0,1,6.30,10,745
115,6,0.250,10500,0,1,1,9.80,5,696
116,7,0.320,11500,0,2,1,6.10,3,620
117,7,0.310,14000,0,0,1,7.20,8,568
118,6,0.240,17000,0,2,1,8.10,6,672
119,6,0.180,19000,0,3,1,11.90,10,683
120,5,0.190,14000,0,0,1,5.70,9,694
121,6,0.410,8000,0,0,1,6.00,7,612
122,5,0.240,26000,1,6,1,6.10,12,322
123,6,0.260,18500,0,0,1,8.80,5,798
124,6,0.115,17500,0,0,1,6.60,7,728
125,6,0.290,21000,0,1,0,7.70,3,580
126,6,0.280,21000,0,0,1,4.60,7,575
127,7,0.290,20000,0,2,0,8.80,5,652
128,6,0.290,21000,0,1,0,7.70,3,632
129,6,0.320,12000,0,1,1,7.60,4,730
130,5,0.585,3500,0,0,1,8.10,6,714
131,5,0.590,3500,0,0,1,8.10,6,715
132,5,0.600,4500,0,0,1,8.10,6,556
133,6,0.580,16000,0,0,1,5.00,4,584
134,6,0.200,20500,0,1,1,8.40,6,715
135,7,0.260,22000,0,1,0,7.80,8,539
136,7,0.300,25500,0,0,1,10.20,14,687
137,6,0.310,29000,0,0,1,9.90,13,790
138,6,0.280,16500,1,1,1,7.10,6,695
139,7,0.230,19500,0,1,0,7.00,4,728
140,5,0.150,15500,0,1,1,6.50,8,719
141,6,0.280,11000,0,1,1,9.40,6,696
142,8,0.390,36000,0,2,0,8.20,5,619
143,7,0.190,23000,0,1,1,9.60,10,741
144,6,0.170,25000,0,0,1,6.90,7,746
145,8,0.200,17500,0,0,1,5.50,8,733
146,6,0.410,4000,0,0,1,10.40,9,750
147,7,0.400,12000,0,1,1,6.70,6,679
148,6,0.360,13500,0,0,1,10.50,11,762
149,5,0.340,11500,0,2,1,9.00,7,603
150,6,0.280,30000,0,0,0,6.30,4,684
151,6,0.250,17000,0,0,1,5.80,8,687
152,6,0.125,13500,0,0,1,8.30,7,679
153,6,0.100,12000,0,0,1,9.90,7,757
154,6,0.240,18500,0,0,1,5.50,8,631
155,6,0.250,17000,0,0,1,5.80,8,689
156,6,0.280,22000,0,0,1,5.20,8,663
157,8,0.410,27500,0,3,0,8.20,11,570
158,7,0.260,20500,0,2,0,9.00,7,694
159,6,0.280,17500,0,1,1,7.80,5,727
160,6,0.240,19000,0,1,1,5.80,8,538
161,6,0.280,18000,0,0,0,6.40,6,613
162,6,0.230,15000,0,0,1,6.40,12,708
163,5,0.270,13500,0,1,1,6.90,4,731
164,6,0.180,17500,0,0,1,12.60,7,759
165,8,0.240,18000,0,0,1,8.00,7,699
166,6,0.260,21000,0,0,1,7.30,4,724
167,7,0.145,16500,0,0,1,6.80,5,688
168,6,0.190,20500,0,1,1,6.40,3,704
169,7,0.180,23000,0,0,1,7.00,7,703
170,6,0.120,18000,0,0,1,11.20,11,718
171,5,0.400,21000,0,2,1,8.80,5,717
172,7,0.220,18500,0,1,0,5.00,4,694
173,7,0.220,18500,0,1,0,5.00,4,706
174,6,0.150,15000,0,0,1,5.10,6,730
175,6,0.260,17000,0,0,1,10.90,13,693
176,7,0.290,24000,0,2,1,9.80,8,678
177,6,0.330,10500,0,0,0,6.20,5,696
178,7,0.290,24000,0,2,1,9.80,8,691
179,6,0.905,10500,0,2,1,8.00,7,595
180,5,0.330,11000,0,0,1,5.50,14,728
181,5,0.330,12000,0,0,1,5.50,14,699
182,6,0.310,14000,0,0,1,7.20,8,689
183,6,0.310,14000,0,0,1,7.20,8,711
184,7,0.200,22000,0,0,1,6.00,7,714
185,7,0.270,13500,0,0,0,7.60,4,729
186,5,0.330,11000,0,0,1,5.50,14,759
187,5,0.170,28000,0,0,1,5.40,9,694
188,7,0.300,19000,0,1,1,9.90,4,722
189,6,0.550,7500,0,0,1,7.60,7,707
190,6,0.270,7000,0,2,1,6.00,7,576
191,8,0.280,23000,0,1,0,5.20,11,575
192,6,0.200,21000,0,0,1,7.20,11,688
193,5,0.260,14500,0,2,1,6.20,5,608
194,6,0.190,21000,0,0,1,6.10,12,741
195,6,0.370,26500,0,2,1,6.40,3,608
196,7,0.270,16500,0,3,0,8.10,3,618
197,6,0.490,12000,0,0,1,7.20,5,642
198,6,0.140,20500,0,0,1,7.90,7,661
199,7,0.280,17000,0,0,1,11.80,5,746
200,7,0.190,20500,0,0,1,7.50,8,607
201,7,0.190,21500,0,1,1,7.50,8,574
202,7,0.250,19500,0,1,0,7.00,4,673
203,7,0.280,18000,0,0,1,11.80,5,693
204,6,0.260,12000,0,2,0,7.00,4,610
205,7,0.310,14000,0,0,1,8.50,8,687
206,7,0.210,15000,0,2,1,8.20,8,658
207,7,0.210,14500,0,0,0,6.30,4,642
208,6,0.290,26000,1,2,0,6.20,5,577
209,6,0.340,5000,0,0,1,5.40,6,633
210,7,0.155,17000,0,1,1,9.70,6,754
211,7,0.550,6500,2,3,0,8.60,4,465
212,6,0.200,18500,0,0,1,7.60,13,770
213,6,0.280,17000,0,2,1,9.40,6,623
214,6,0.220,18500,0,0,1,8.80,11,728
215,6,0.250,14000,0,0,1,9.70,15,789
216,6,0.520,22000,0,3,1,8.90,4,685
217,6,0.240,19000,0,0,1,4.00,10,677
218,7,0.320,20000,3,6,1,6.50,11,315
219,6,0.410,11000,0,0,1,7.40,6,727
220,6,0.410,12000,0,0,1,7.40,6,667
221,7,0.600,11000,1,2,0,8.30,4,560
222,6,0.200,13500,0,0,1,6.30,7,604
223,5,0.460,6000,0,1,1,7.80,8,734
224,6,0.270,13500,0,0,1,7.50,8,712
225,6,0.280,14500,0,0,1,8.50,8,695
226,7,0.250,15500,0,2,1,6.90,4,570
227,6,0.320,10500,0,0,1,5.20,5,679
228,7,0.390,32000,0,2,1,7.10,3,598
229,6,0.210,30000,0,0,0,6.70,3,597
230,7,0.170,15500,0,0,1,7.80,5,725
231,5,0.160,11000,0,0,1,5.20,5,745
232,7,0.280,18000,0,0,0,5.20,14,737
233,7,0.220,14000,0,0,0,8.50,8,713
234,7,0.550,6500,0,1,0,8.60,4,659
235,6,0.470,18000,0,2,1,9.60,4,561
236,5,0.360,20500,0,0,1,7.80,8,680
237,6,0.370,16000,2,2,1,8.80,5,571
238,6,0.340,14000,0,0,0,6.10,9,686
239,7,0.280,19000,0,0,0,6.30,13,675
240,6,0.190,14000,0,1,1,9.20,11,705
241,6,0.200,19000,0,0,1,8.10,9,738
242,5,0.440,7500,0,1,1,7.50,14,707
243,6,0.230,17000,0,0,1,8.50,14,669
244,7,0.280,27000,0,1,0,7.50,5,741
245,6,0.300,14000,0,1,1,9.70,6,747
246,6,0.300,16500,0,3,1,9.70,6,532
247,6,0.240,12500,0,1,1,8.00,7,770
248,6,0.270,6000,0,0,1,6.00,7,729
249,7,0.360,17500,0,0,1,4.60,10,652
250,7,0.150,22000,0,1,0,9.20,8,664
251,5,0.130,14000,0,0,1,9.40,9,738
252,7,0.340,18000,0,0,1,6.10,12,618
253,7,0.190,15000,0,1,0,11.40,6,556
254,5,0.360,16000,0,0,0,5.60,10,732
255,5,0.350,19500,0,0,1,5.20,11,597
256,7,0.310,26000,0,3,0,7.50,14,490
257,6,0.100,18500,0,0,1,11.10,6,651
258,7,0.250,18000,0,1,0,7.00,4,719
259,7,0.250,18000,0,1,0,7.00,4,676
260,7,0.345,26500,0,2,0,7.30,4,573
261,7,0.250,18000,0,1,0,7.00,4,744
262,6,0.160,11000,0,0,1,8.00,7,707
263,6,0.260,12000,0,2,1,9.10,6,698
264,6,0.180,15500,0,0,1,7.60,7,730
265,9,0.250,17000,0,0,0,5.90,10,739
266,7,0.280,17000,0,0,0,5.30,13,751
267,7,0.280,17000,0,0,0,5.30,13,740
268,9,0.250,17000,0,0,0,5.90,10,749
269,5,0.210,13000,0,2,1,5.50,5,599
270,6,0.210,20000,0,1,0,11.70,6,778
271,7,0.340,12500,0,1,0,9.60,4,745
272,7,0.300,11000,0,0,0,11.20,8,706
273,6,0.280,13500,0,2,1,10.20,5,677
274,6,0.280,14500,0,0,1,6.80,11,728
275,8,0.230,15500,0,2,1,7.60,7,660
276,7,0.220,16500,0,1,1,5.10,15,724
277,6,0.380,14000,0,0,1,5.90,13,684
278,7,0.300,11000,0,1,1,5.30,7,717
279,7,0.240,11000,0,0,0,5.10,6,680
280,6,0.250,15000,0,0,1,7.30,7,752
281,7,0.240,11000,0,0,0,5.10,6,749
282,6,0.320,12500,0,0,1,7.40,9,694
283,7,0.230,16500,0,0,1,8.50,5,745
284,7,0.310,26000,0,0,0,6.30,4,560
285,6,0.410,17500,0,1,1,7.20,5,598
286,6,0.475,4000,0,0,0,4.40,9,574
287,6,0.475,4000,0,0,0,4.40,9,536
288,7,0.250,15500,0,1,1,5.80,5,644
289,7,0.260,13500,0,1,1,7.70,9,738
290,6,0.460,20500,1,2,1,8.00,4,646
291,6,0.260,22500,1,2,0,7.00,4,639
292,7,0.240,19000,0,1,1,7.20,11,574
293,6,0.240,14500,0,0,1,6.00,10,786
294,7,0.320,12000,0,1,1,9.20,5,711
295,7,0.320,12000,0,2,1,9.20,5,658
296,6,0.240,17500,0,0,1,9.10,9,659
297,5,0.140,13500,0,0,1,7.40,9,660
298,5,0.335,8000,0,2,1,10.90,7,618
299,5,0.235,14500,0,0,1,7.00,10,731
300,6,0.280,14500,1,4,1,6.00,4,447
301,6,0.210,16500,0,2,1,7.20,8,675
302,6,0.240,15000,1,2,1,6.50,5,599
303,6,0.240,15500,1,2,1,6.50,5,603
304,6,0.260,13500,1,2,1,6.00,4,618
305,6,0.330,37000,1,1,0,8.50,5,531
306,6,0.320,7000,0,2,1,10.00,7,539
307,7,0.260,16000,0,1,0,7.30,4,777
308,7,0.260,17000,0,1,0,7.30,4,709
309,7,0.270,18500,0,0,0,6.60,13,706
310,6,0.270,13500,1,2,1,6.90,10,596
311,7,0.280,14000,0,0,1,5.20,5,598
312,6,0.250,17000,0,0,1,7.60,13,752
313,7,0.570,7000,1,4,1,7.60,4,466
314,6,0.140,13500,0,2,1,6.00,7,680
315,6,0.280,18000,0,0,1,8.80,11,690
316,6,0.320,26000,0,2,0,9.20,5,584
317,6,0.280,12500,1,1,1,6.30,4,683
318,5,0.290,12500,0,2,1,6.00,4,700
319,5,0.320,19000,0,0,1,6.40,12,716
320,5,0.320,20000,0,0,1,6.40,12,681
321,6,0.280,8000,0,1,1,5.00,7,599
322,6,0.360,14000,1,2,1,6.00,4,618
323,6,0.670,17000,3,4,0,10.00,4,465
324,6,0.360,8000,0,2,1,9.70,6,667
325,6,0.360,8000,0,2,1,9.40,6,639
326,6,0.330,13000,0,0,0,6.50,8,729
327,5,0.250,13000,0,0,1,7.80,14,740
328,8,0.270,22500,0,0,0,7.90,13,701
329,6,0.390,13000,0,1,1,7.40,9,719
330,6,0.210,13500,0,1,1,10.50,8,756
331,7,0.290,24000,0,0,1,7.60,7,763
332,6,0.310,17000,0,0,1,7.10,12,719
333,6,0.390,11500,0,0,1,6.60,7,579
334,7,0.210,18000,0,0,0,8.20,5,649
335,6,0.250,24000,0,2,1,7.50,5,708
336,6,0.250,15000,1,1,0,7.30,4,663
337,7,0.210,15500,0,0,1,5.40,9,761
338,6,0.390,24000,1,6,1,5.80,14,404
339,5,0.200,15000,0,0,1,8.00,10,699
340,7,0.200,18500,0,0,1,9.60,7,719
341,5,0.260,13500,0,1,1,6.20,5,583
342,7,0.380,13500,0,2,1,6.00,7,624
343,6,0.180,19000,0,1,1,8.40,6,718
344,6,0.200,21000,0,2,1,7.20,5,691
345,5,0.350,23500,0,0,0,7.30,4,628
346,5,0.440,5000,0,0,1,8.60,7,707
347,7,0.270,21000,0,0,0,6.00,10,712
348,6,0.500,32500,1,2,0,6.60,4,587
349,6,0.110,17000,0,0,1,6.90,4,691
350,6,0.120,15500,0,0,1,6.40,6,750
351,9,0.270,21500,0,0,1,6.20,8,840
352,8,0.140,23500,0,0,0,8.00,10,670
353,7,0.230,10500,1,2,0,7.00,4,566
354,8,0.170,21000,0,0,1,11.40,3,825
355,7,0.290,11000,0,1,0,9.90,4,681
356,7,0.340,14000,0,0,1,4.60,4,695
357,7,0.300,13500,0,0,1,4.90,4,734
358,6,0.460,5000,0,0,0,8.00,7,587
359,5,0.240,15000,0,0,1,10.70,9,771
360,7,0.420,11500,0,1,0,8.60,4,675
361,6,0.350,14000,0,1,1,7.30,4,712
362,6,0.260,15000,0,1,1,6.50,5,746
363,6,0.300,9500,0,0,0,6.00,4,618
364,8,0.180,22000,0,0,1,7.10,12,603
365,6,0.560,12000,0,0,1,7.30,4,568
366,6,0.300,9500,0,0,0,6.00,4,592
367,6,0.560,12000,0,0,1,7.30,4,583
368,7,0.655,9000,0,1,0,8.60,4,732
369,6,0.250,19000,0,1,1,8.60,7,727
370,7,0.160,18000,0,0,1,6.70,9,733
371,7,0.205,16500,0,0,1,10.50,8,673
372,7,0.205,15500,0,0,1,10.50,8,698
373,7,0.250,18000,0,1,1,6.70,12,758
374,7,0.250,18000,0,1,1,6.70,12,759
375,7,0.330,17500,0,0,1,5.00,13,776
376,8,0.230,16000,0,1,0,7.40,3,713
377,8,0.230,16000,0,1,0,7.40,3,717
378,6,0.190,17500,0,0,1,8.40,9,747
379,7,0.210,13500,0,0,1,7.00,10,817
380,9,0.340,14500,0,0,0,5.40,9,547
381,8,0.230,15000,0,1,0,7.40,3,765
382,6,0.200,12000,0,0,1,7.50,11,709
383,7,0.340,29000,0,1,0,7.80,2,630
384,7,0.200,17500,0,0,1,11.90,7,715
385,8,0.380,25500,0,2,0,8.20,5,534
386,6,0.220,19500,0,0,1,8.00,7,735
387,8,0.270,16500,0,0,1,9.20,8,756
388,6,0.280,17500,0,0,1,7.30,13,666
389,4,0.330,6000,0,2,1,9.70,6,615
390,6,0.270,17500,0,0,0,4.50,14,654
391,6,0.180,18000,0,0,1,14.50,5,703
392,7,0.180,22000,0,0,1,11.50,2,816
393,7,0.240,14500,0,0,1,10.30,7,679
394,6,0.450,32500,1,1,0,7.20,5,631
395,7,0.340,29000,0,1,0,7.80,2,625
396,10,0.170,27500,1,6,0,4.80,5,350
397,7,0.210,16000,0,0,1,8.00,7,752
398,6,0.120,18000,0,0,1,12.70,12,783
399,7,0.260,21500,0,0,1,8.50,11,708
400,7,0.260,15500,0,2,1,7.20,11,695
401,5,0.310,5000,0,1,1,9.70,6,719
402,5,0.260,16000,0,0,1,7.20,5,555
403,7,0.310,14500,0,0,0,5.60,13,778
404,5,0.260,9000,0,0,1,6.00,10,709
405,5,0.190,19500,0,0,1,7.90,7,712
406,6,0.180,15000,0,3,1,7.50,8,665
407,6,0.200,19000,0,0,1,8.00,10,767
408,8,0.290,14500,0,0,1,5.10,6,652
409,8,0.190,23000,0,2,0,9.30,10,499
410,7,0.250,19500,0,0,1,6.60,13,815
411,6,0.330,11000,0,0,1,9.70,6,581
412,8,0.320,15000,1,2,1,5.50,5,477
413,5,0.290,3500,0,0,1,5.60,4,598
414,7,0.130,19500,0,0,1,8.90,7,700
415,7,0.300,17000,0,0,0,4.00,10,679
416,7,0.240,18000,0,0,0,5.70,12,661
417,8,0.180,20000,0,0,0,4.60,7,761
418,7,0.110,16000,0,0,1,6.20,5,728
419,7,0.320,31000,0,1,1,6.70,3,671
420,6,0.270,12500,0,0,1,6.40,6,604
421,6,0.250,18500,1,2,1,7.00,7,611
422,7,0.170,26000,0,0,1,6.70,12,745
423,5,0.290,17500,0,2,1,6.80,5,552
424,6,0.280,22500,0,2,0,5.70,3,587
425,6,0.270,23000,0,2,0,6.70,3,642
426,6,0.430,17000,0,0,0,6.20,11,601
427,6,0.360,30000,0,0,1,7.00,4,602
428,6,0.340,14000,0,2,1,9.10,6,632
429,6,0.180,16500,0,0,1,6.10,3,749
430,8,0.345,50000,0,2,0,6.80,5,630
431,7,0.250,21500,0,1,1,6.50,11,563
432,7,0.345,14000,0,0,0,5.50,5,616
433,7,0.220,17000,0,0,0,7.40,6,710
434,6,0.170,17500,0,0,1,8.30,7,671
435,7,0.320,13000,0,0,0,5.50,5,630
436,6,0.230,16000,0,0,1,8.60,7,742
437,6,0.200,16000,0,0,1,8.60,7,698
438,7,0.240,17000,0,1,0,6.00,4,735
439,6,0.220,17500,0,1,1,6.00,4,739
440,6,0.080,17500,0,0,1,10.00,13,690
441,5,0.420,4500,0,0,1,7.20,11,702
442,6,0.270,9500,0,0,1,7.80,14,762
443,6,0.220,17500,0,1,1,6.00,4,704
444,7,0.130,19000,0,0,1,13.10,12,748
445,6,0.140,17500,1,2,1,7.80,2,623
446,6,0.200,36500,0,0,0,7.40,6,617
447,5,0.390,11500,0,0,1,6.50,14,653
448,5,0.360,17000,0,0,1,6.70,12,722
449,6,0.190,17500,0,0,1,7.40,9,629
450,6,0.410,10500,0,0,1,7.50,8,671
451,7,0.280,15000,0,1,0,7.90,7,707
452,7,0.300,15000,0,1,0,6.90,7,699
453,7,0.280,19500,0,0,0,5.00,13,747
454,8,0.160,19000,0,0,0,5.60,7,698
455,8,0.260,24000,0,1,1,9.60,7,502
456,7,0.240,11000,0,1,1,7.30,7,507
457,8,0.180,19000,0,2,1,8.50,5,671
458,6,0.240,13500,0,1,1,7.50,5,703
459,8,0.190,18000,0,0,1,6.40,6,744
460,5,0.360,13000,0,1,1,8.90,10,699
461,6,0.370,23500,0,0,0,13.60,4,636
462,7,0.160,22000,0,0,0,11.90,7,735
463,7,0.180,22000,0,1,0,4.50,8,676
464,6,0.190,16000,0,1,1,5.30,10,743
465,7,0.190,20000,0,1,1,5.50,8,670
466,6,0.340,38000,1,1,1,10.00,13,669
467,6,0.140,22000,0,0,1,7.60,7,739
468,6,0.600,23000,1,3,1,8.90,4,522
469,7,0.200,20500,0,1,1,9.50,8,691
470,7,0.470,13000,0,0,1,8.10,6,587
471,7,0.170,19000,0,1,0,11.00,10,555
472,8,0.680,17000,0,2,1,10.40,9,447
473,7,0.275,16000,0,0,0,8.10,9,593
474,7,0.490,18000,1,2,1,6.10,9,441
475,7,0.210,18500,0,0,1,7.70,9,718
476,7,0.150,22000,1,1,1,6.50,8,557
477,9,0.290,29500,1,2,0,10.90,7,484
478,7,0.310,27000,0,0,0,6.20,8,543
479,7,0.210,17000,0,0,1,7.10,9,680
480,8,0.260,19500,0,1,1,10.70,9,655
481,8,0.220,20000,0,0,1,7.10,6,613
482,6,0.300,25500,0,2,0,6.30,4,661
483,6,0.200,18000,0,0,1,8.00,10,726
484,8,0.220,20000,0,0,1,7.10,6,578
485,7,0.340,16000,0,2,0,7.70,9,611
486,6,0.260,18000,1,2,1,6.40,6,618
487,6,0.340,14500,0,1,1,7.30,7,704
488,7,0.310,34500,0,2,0,6.80,2,644
489,5,0.240,22500,0,0,1,7.60,10,743
490,7,0.200,19500,0,2,0,6.60,4,680
491,8,0.210,29000,0,1,0,7.90,4,722
492,7,0.210,17500,0,2,0,7.70,3,670
493,7,0.210,20000,0,1,1,6.80,8,716
494,8,0.170,15500,0,0,0,4.80,8,756
495,6,0.280,13000,0,0,1,5.60,7,708
496,6,0.230,9500,0,0,1,4.30,7,769
497,6,0.290,12500,0,0,1,5.30,7,656
498,5,0.290,11500,0,0,1,11.00,19,716
499,6,0.270,12500,0,1,1,5.20,5,657
500,5,0.320,22500,0,1,1,7.50,11,748
501,9,0.220,22000,1,3,0,6.90,4,471
502,8,0.180,19500,0,0,0,9.30,13,666
503,7,0.150,18000,0,0,1,5.20,8,834
504,5,0.415,6500,0,0,1,7.50,8,626
505,8,0.450,17000,0,2,1,9.10,6,628
506,6,0.105,16000,0,0,1,6.60,4,730
507,6,0.400,15000,0,0,1,7.30,7,700
508,9,0.360,23500,0,0,0,6.40,9,600
509,9,0.230,22000,0,1,0,7.70,9,584
510,6,0.550,21500,0,1,1,6.60,4,731
511,6,0.115,15500,0,2,0,3.70,15,689
512,6,0.125,14500,0,0,1,4.00,13,714
513,6,0.230,17000,0,0,1,7.10,6,718
514,8,0.220,22000,0,0,0,6.00,7,605
515,6,0.260,20000,0,1,1,6.90,13,840
516,9,0.340,24500,0,0,1,9.60,7,646
517,7,0.250,17000,0,0,1,6.50,8,635
518,9,0.270,17000,0,1,0,6.80,8,602
519,8,0.340,16000,0,2,1,7.50,5,628
520,6,0.320,10000,0,2,1,6.70,3,606
521,5,0.395,3500,0,0,1,5.80,8,681
522,7,0.330,20000,0,4,1,7.50,8,460
523,7,0.300,14500,0,0,1,5.00,4,663
524,5,0.260,13500,0,1,1,5.20,5,714
525,7,0.300,14500,0,0,1,5.00,4,741
526,6,0.250,20500,0,1,1,9.60,7,704
527,6,0.240,18000,0,1,1,6.20,8,531
528,6,0.450,13500,0,0,1,4.50,5,631
529,7,0.230,22500,0,0,1,9.80,8,659
530,8,0.610,23500,0,0,1,5.80,5,583
531,7,0.210,22000,0,0,0,10.40,15,730
532,7,0.220,18500,0,1,1,8.20,11,581
533,7,0.260,13000,0,1,1,7.00,7,736
534,6,0.320,17500,0,1,1,7.20,5,705
535,6,0.250,14500,0,2,1,8.60,7,696
536,9,0.440,21000,0,2,0,5.60,4,532
537,7,0.200,13500,0,0,1,5.20,5,612
538,7,0.420,22500,0,0,0,5.30,7,677
539,7,0.220,17500,0,0,1,8.20,11,628
540,6,0.260,15000,0,0,1,7.80,8,738
541,7,0.460,16000,0,0,1,6.40,15,718
542,7,0.320,19500,0,2,0,6.90,4,555
543,6,0.210,19000,0,0,1,6.30,10,774
544,7,0.260,24500,0,0,0,6.80,5,611
545,6,0.370,11000,0,2,1,9.80,5,670
546,7,0.220,23500,0,0,0,6.60,4,652
547,6,0.250,13000,0,0,1,10.10,9,738
548,7,0.220,20000,0,0,1,6.30,4,684
549,7,0.260,16000,0,0,0,6.60,4,697
550,7,0.170,18500,0,0,1,6.40,9,770
551,5,0.330,8000,0,0,1,6.10,9,687
552,8,0.230,24000,0,0,1,7.50,14,676
553,8,0.280,22000,0,2,1,6.80,8,641
554,8,0.610,20000,2,2,0,7.60,4,541
555,6,0.230,16500,0,1,1,6.00,10,721
556,5,0.400,16000,0,0,1,8.50,14,725
557,6,0.320,19500,0,0,1,7.10,15,680
558,6,0.180,20000,0,0,0,6.50,8,602
559,9,0.260,26500,0,0,1,4.50,14,732
560,7,0.410,18500,0,0,1,8.20,14,726
561,7,0.440,18500,0,0,1,8.80,14,721
562,7,0.390,16000,0,0,1,6.00,10,679
563,7,0.260,15500,0,1,1,7.30,7,667
564,6,0.320,18500,0,0,1,7.10,15,743
565,7,0.440,18500,0,0,0,6.50,17,766
566,10,0.250,25000,0,2,1,8.10,6,621
567,8,0.430,21000,0,0,0,5.90,16,775
568,7,0.440,18500,0,0,0,6.50,17,726
569,6,0.260,12000,0,0,1,4.30,7,558
570,8,0.200,20000,0,1,1,6.80,8,721
571,7,0.210,17000,0,0,1,6.90,10,717
572,8,0.570,23000,1,2,1,7.20,8,550
573,5,0.245,18500,0,2,1,6.90,4,539
574,7,0.250,20500,0,1,1,5.60,13,722
575,7,0.160,38500,2,2,0,4.60,4,558
576,7,0.180,33500,0,1,1,9.20,5,677
577,6,0.230,15000,0,1,0,5.60,4,716
578,7,0.190,34000,0,1,1,9.20,5,749
579,6,0.310,17000,1,1,1,9.30,10,699
580,7,0.280,16000,0,0,0,6.90,13,826
581,8,0.220,20000,0,1,1,10.80,2,772
582,8,0.350,28000,0,2,0,8.20,5,694
583,8,0.220,21000,0,1,1,10.80,2,742
584,6,0.270,15000,0,1,1,9.50,8,724
585,7,0.270,17000,0,1,0,7.30,13,779
586,7,0.310,37000,0,0,0,6.10,3,648
587,8,0.450,17000,0,1,0,3.10,15,831
588,7,0.270,17000,0,1,0,7.30,13,750
589,7,0.160,21500,0,0,0,11.50,14,685
590,6,0.160,14500,0,0,0,6.20,11,717
591,8,0.210,21000,0,0,0,9.70,15,692
592,8,0.160,16500,0,0,1,6.10,6,737
593,6,0.410,14000,0,3,0,12.80,11,447
594,7,0.380,16500,0,0,1,6.70,9,748
595,9,0.245,19000,0,1,0,5.60,7,703
596,7,0.190,21000,0,1,1,4.80,5,692
597,8,0.590,36500,0,2,0,11.90,4,558
598,7,0.140,22500,0,0,1,7.10,9,767
599,9,0.140,30500,0,0,0,9.50,5,647
600,5,0.365,4000,0,0,1,5.70,6,704
601,9,0.250,28000,0,2,0,6.50,8,600
602,8,0.200,18000,0,2,0,6.00,7,700
603,7,0.150,19000,0,3,1,9.40,9,557
604,6,0.150,15500,0,0,1,7.90,7,746
605,6,0.250,28500,0,3,0,6.40,3,554
606,7,0.430,19500,0,0,1,6.60,16,696
607,6,0.200,15000,1,3,1,9.00,10,588
608,7,0.320,25000,0,0,1,7.40,15,700
609,5,0.370,17500,0,0,1,5.10,12,669
610,8,0.190,22500,0,0,0,6.50,5,606
611,8,0.210,21500,0,0,0,6.50,5,625
612,7,0.160,32000,0,1,1,7.90,4,714
613,7,0.210,18500,0,1,0,11.80,14,831
614,5,0.210,12000,0,2,1,10.30,7,695
615,6,0.180,16000,0,3,1,7.00,7,603
616,8,0.580,13500,0,0,0,5.40,9,697
617,6,0.250,15500,0,1,1,7.40,6,722
618,7,0.390,18500,0,0,1,7.10,15,798
619,9,0.350,21500,0,2,0,4.20,8,455
620,8,0.570,20500,0,0,1,10.40,15,707
621,5,0.210,12000,0,1,1,10.30,7,744
622,6,0.290,20000,0,2,1,6.90,4,679
623,6,0.320,10000,1,1,1,5.50,5,516
624,7,0.190,21500,0,0,0,6.20,11,631
625,6,0.130,14000,0,0,1,4.30,7,742
626,7,0.140,21500,0,0,1,6.70,9,697
627,6,0.300,16000,0,0,1,6.60,10,714
628,6,0.280,15000,0,0,1,5.30,10,770
629,6,0.460,10000,0,0,0,6.20,8,695
630,7,0.360,28000,0,0,1,4.50,8,685
631,6,0.230,21000,0,0,1,10.20,11,692
632,5,0.490,7500,0,0,1,13.10,18,699
633,6,0.420,17500,0,0,1,7.20,17,688
634,6,0.160,24500,0,0,1,6.60,13,660
635,6,0.420,16500,0,0,1,7.20,17,733
636,5,0.135,15000,0,0,1,6.90,4,684
637,6,0.190,17500,0,0,0,6.90,13,707
638,7,0.180,14500,0,0,1,7.90,10,701
639,7,0.250,18000,0,1,0,6.70,3,746
640,7,0.250,18000,0,1,0,6.70,3,725
641,7,0.200,17000,0,0,1,6.50,11,737
642,7,0.250,18000,0,1,0,6.70,3,727
643,7,0.260,14500,0,0,1,9.70,9,799
644,6,0.390,14000,1,2,1,5.60,7,484
645,7,0.190,14000,0,0,0,11.20,11,750
646,7,0.200,18000,0,0,1,6.50,11,676
647,6,0.230,13000,0,0,1,9.00,7,712
648,8,0.550,21500,1,14,0,9.00,10,346
649,7,0.140,37000,0,0,0,6.40,9,698
650,5,0.165,13000,0,0,1,7.30,4,615
651,9,0.250,39000,1,4,0,6.00,7,477
652,8,0.290,24500,0,0,1,6.40,9,720
653,8,0.180,24500,0,0,0,10.20,8,691
654,6,0.360,25500,0,0,0,7.30,13,685
655,7,0.250,25500,0,1,1,8.90,10,628
656,6,0.250,25500,1,2,1,7.70,3,614
657,7,0.260,37000,0,2,0,6.40,3,648
658,7,0.310,13000,0,0,1,5.50,8,600
659,8,0.250,25500,0,0,0,5.20,5,613
660,7,0.180,24500,0,0,1,6.60,13,736
661,7,0.430,24500,0,1,1,5.90,10,708
662,8,0.200,37000,0,0,1,6.60,13,723
663,6,0.270,25500,0,0,1,6.60,13,686
664,7,0.160,24500,0,1,1,7.60,10,723
665,6,0.190,24500,0,1,1,4.50,11,710
666,7,0.430,24500,0,1,1,5.90,10,743
667,7,0.520,24500,0,1,1,5.40,12,771
668,6,0.340,38000,1,1,0,12.60,4,581
669,7,0.110,25500,0,0,1,6.80,8,679
670,8,0.170,37000,0,0,1,6.20,14,731
671,7,0.200,38000,0,2,1,7.60,7,590
672,7,0.250,25500,0,0,1,5.90,13,698
673,6,0.240,13000,0,0,1,5.40,6,604
674,7,0.210,25500,0,0,1,4.20,11,612
675,6,0.250,15000,1,3,0,7.50,5,451
676,7,0.510,12000,0,0,0,4.40,9,653
677,7,0.220,13000,0,1,0,4.50,11,656
678,6,0.250,12000,0,0,1,9.30,7,721
679,6,0.160,24500,0,1,1,12.20,8,744
680,6,0.250,15000,1,3,0,7.50,5,419
681,7,0.280,24500,0,0,0,5.80,8,658
682,6,0.260,37000,0,2,1,8.50,5,655
683,5,0.185,24500,0,0,1,6.90,7,699
684,7,0.290,24500,0,1,1,5.90,13,754
685,6,0.620,13000,0,0,1,4.20,8,591
686,6,0.270,24500,0,0,1,7.30,13,739
687,8,0.200,26500,0,3,0,5.30,7,534
688,6,0.300,13000,0,0,1,5.60,4,573
689,7,0.170,37000,0,0,1,5.60,13,775
690,7,0.260,37000,0,2,1,9.00,7,662
691,7,0.220,24500,0,0,0,4.00,10,750
692,7,0.220,25500,0,2,0,4.60,10,661
693,8,0.220,24500,0,1,0,4.80,8,717
694,8,0.240,24500,0,2,0,4.80,8,681
695,8,0.230,25500,0,0,0,5.00,13,662
696,6,0.210,24500,0,1,1,5.10,3,698
697,14,0.270,24500,0,1,1,8.30,10,741
698,6,0.210,24500,0,1,1,5.10,3,676
699,8,0.300,24500,0,1,0,4.60,10,725
700,7,0.230,24500,0,1,1,4.30,10,771
701,7,0.260,24500,0,0,1,8.40,9,667
702,8,0.150,24500,0,0,0,6.90,7,708
703,7,0.260,24500,0,0,1,8.40,9,659
704,7,0.180,37000,0,1,1,10.00,4,707
705,7,0.160,25500,0,0,1,8.80,8,682
706,8,0.130,26500,0,1,0,4.70,6,561
707,7,0.360,12000,0,0,1,8.40,15,729
708,7,0.180,25500,0,1,1,7.80,8,679
709,7,0.210,25500,0,1,1,6.80,14,684
710,7,0.180,24500,0,1,1,7.80,8,723
711,6,0.430,26500,0,2,1,8.00,4,491
712,7,0.300,37000,0,1,1,7.40,15,748
713,8,0.190,24500,0,0,1,7.30,7,735
714,7,0.180,25500,0,1,0,6.60,4,598
715,7,0.300,24500,0,1,1,8.10,6,684
716,6,0.300,38000,0,1,1,6.70,6,601
717,7,0.260,25500,0,0,1,5.90,7,563
718,6,0.170,37000,0,1,1,11.50,8,725
719,7,0.640,26500,1,2,1,8.80,8,459
720,7,0.310,26500,1,4,1,7.00,4,441
721,9,0.300,24500,0,0,0,4.50,11,708
722,8,0.240,24500,0,0,0,4.70,12,732
723,7,0.300,38000,0,2,0,6.10,3,610
724,9,0.310,25500,0,0,0,6.40,6,557
725,6,0.250,37000,0,2,1,6.60,4,693
726,7,0.300,38000,0,2,0,6.10,3,627
727,7,0.140,37000,0,1,0,12.90,13,737
728,6,0.120,25500,0,2,1,6.20,8,657
729,6,0.270,24500,0,1,1,6.60,4,711
730,6,0.270,24500,0,2,1,6.60,4,685
731,7,0.290,24500,0,0,0,6.20,5,720
732,5,0.410,12000,0,0,1,7.50,17,746
733,7,0.260,23500,0,0,1,6.70,15,840
734,5,0.190,24500,0,0,1,5.50,5,712
735,6,0.270,25500,1,2,0,7.80,2,633
736,8,0.200,24500,0,1,0,6.00,7,765
737,7,0.320,24500,0,0,0,6.50,14,732
738,8,0.290,25500,0,0,1,5.40,9,622
739,6,0.340,23500,0,1,0,6.00,4,726
740,6,0.370,24500,0,3,1,7.50,2,690
741,6,0.220,24500,0,0,1,5.90,10,781
742,7,0.260,24500,0,0,0,4.90,10,731
743,6,0.440,24500,0,2,0,5.10,3,664
744,7,0.140,24500,0,0,1,5.20,5,700
745,9,0.220,25500,0,2,1,6.60,7,661
746,7,0.150,12000,0,0,0,4.80,5,747
747,7,0.280,24500,0,0,1,8.60,13,811
748,8,0.120,25500,0,2,1,7.10,6,668
749,7,0.190,24500,0,0,1,5.30,4,708
750,7,0.190,24500,0,0,1,5.30,4,770
751,7,0.300,26500,0,1,1,8.60,7,545
752,6,0.420,36000,0,1,0,8.00,4,733
753,7,0.280,25500,0,0,0,8.60,7,598
754,5,0.150,26500,0,1,1,7.60,4,547
755,7,0.400,25500,0,1,1,8.90,10,657
756,6,0.310,24500,1,2,0,6.40,3,649
757,6,0.260,23500,0,1,1,6.90,7,750
758,7,0.445,29000,0,0,1,6.40,9,614
759,7,0.310,19000,0,0,1,6.70,6,653
760,7,0.240,9000,0,1,1,8.40,6,741
761,6,0.220,14500,0,1,1,6.90,7,738
762,7,0.230,18500,0,1,0,5.30,10,745
763,6,0.300,10000,0,2,1,6.20,8,662
764,7,0.320,17000,0,2,1,8.00,4,629
765,6,0.310,15000,0,1,1,8.70,12,743
766,7,0.250,14000,0,1,0,5.00,4,716
767,7,0.160,12500,0,0,1,8.20,11,726
768,6,0.265,12000,0,2,1,6.60,7,577
769,7,0.240,15000,0,1,1,7.40,12,738
770,6,0.240,11000,0,1,1,8.70,6,731
771,7,0.610,15000,1,3,1,9.80,8,517
772,6,0.220,16000,1,2,1,5.40,6,570
773,8,0.310,12000,0,0,0,7.50,8,626
774,6,0.340,13500,0,0,1,7.30,7,677
775,6,0.300,13000,0,0,0,7.20,5,620
776,6,0.180,16000,0,0,1,8.50,11,798
777,7,0.210,15500,0,0,1,7.40,9,666
778,6,0.270,16000,0,0,0,6.70,6,722
779,7,0.200,19500,0,1,1,6.40,9,770
780,7,0.400,51000,0,0,1,5.00,13,671
781,7,0.445,21000,0,1,1,5.00,7,742
782,6,0.300,13000,0,0,0,7.20,5,644
783,9,0.230,15000,0,0,0,4.20,8,733
784,8,0.300,15500,0,0,0,6.30,10,697
785,7,0.150,21000,1,1,1,6.00,7,576
786,6,0.370,23500,1,1,1,6.80,5,654
787,6,0.250,11500,0,0,1,5.10,6,669
788,6,0.220,30000,0,0,0,4.30,4,577
789,7,0.220,15500,0,0,1,6.70,6,591
790,7,0.180,15000,0,2,0,8.10,6,694
791,6,0.255,22000,0,1,1,8.50,5,723
792,7,0.230,11500,0,0,1,8.60,7,765
793,6,0.250,11500,0,0,1,5.10,6,732
794,6,0.290,12500,1,2,1,6.40,3,645
795,9,0.210,16000,0,1,0,6.80,8,538
796,6,0.620,10000,0,2,1,6.90,4,627
797,6,0.280,9500,0,2,1,5.60,7,680
798,7,0.210,15000,0,0,1,7.80,5,676
799,6,0.270,13500,1,2,1,6.90,4,581
800,7,0.320,12000,1,2,1,10.70,3,572
801,6,0.370,4500,0,0,1,5.00,7,615
802,6,0.180,13000,0,0,1,10.50,5,700
803,7,0.390,13000,0,1,0,6.70,9,703
804,7,0.490,50000,0,0,1,6.00,13,729
805,8,0.170,16500,0,1,1,5.40,6,637
806,7,0.200,13000,0,1,0,11.30,13,706
807,6,0.330,13000,0,0,1,7.90,4,586
808,7,0.220,18000,0,1,1,7.20,8,725
809,7,0.350,16500,1,2,1,9.30,4,586
810,6,0.370,13000,0,0,1,8.20,5,598
811,6,0.370,19500,0,0,1,7.80,5,723
812,6,0.250,12500,0,0,1,5.90,10,821
813,6,0.230,14500,0,1,0,6.10,3,701
814,6,0.260,10500,0,2,1,8.70,6,681
815,7,0.300,11000,0,2,0,6.90,4,657
816,9,0.160,13500,0,1,0,4.50,5,576
817,6,0.230,14500,0,1,0,6.10,3,716
818,7,0.380,11000,0,0,1,6.20,5,564
819,8,0.200,21500,0,1,1,11.40,3,710
820,6,0.360,10500,0,2,1,6.70,6,682
821,6,0.270,15000,0,0,1,7.00,13,772
822,7,0.290,17500,0,1,0,5.70,9,581
823,7,0.190,13000,0,1,1,8.00,7,676
824,7,0.320,21000,0,0,1,9.20,8,595
825,6,0.320,6000,0,2,1,4.00,4,628
826,7,0.440,12000,0,2,0,6.90,10,697
827,7,0.490,12000,0,1,1,7.00,13,753
828,7,0.440,12000,0,1,0,6.90,10,713
829,7,0.490,12000,0,1,1,7.00,13,775
830,8,0.550,21000,2,2,0,8.90,4,620
831,6,0.340,18000,1,2,1,8.90,4,697
832,6,0.340,23000,0,0,1,9.90,13,723
833,7,0.260,31000,0,3,0,5.00,4,532
834,7,0.240,12500,0,1,1,6.20,11,709
835,6,0.340,23000,0,0,1,9.90,13,727
836,6,0.240,17500,0,2,1,8.50,8,696
837,8,0.340,18000,1,2,1,7.10,6,600
838,7,0.360,22000,0,0,0,6.60,7,679
839,6,0.370,14000,0,0,0,5.80,11,698
840,8,0.180,14000,0,0,0,5.30,7,695
841,6,0.190,10500,0,1,1,7.90,7,731
842,5,0.330,11000,0,2,0,6.70,3,566
843,8,0.190,16000,0,0,1,7.80,5,664
844,8,0.200,18000,0,0,0,5.20,8,733
845,7,0.200,30500,0,0,0,5.60,4,694
846,7,0.300,22000,0,2,1,9.60,4,590
847,6,0.220,18000,0,1,1,5.60,7,562
848,7,0.240,21500,1,2,1,6.10,6,567
849,7,0.300,22000,0,2,1,9.60,4,626
850,6,0.240,16500,0,0,1,6.10,3,619
851,7,0.290,33500,0,1,0,6.70,3,735
852,7,0.260,16500,0,2,0,7.50,5,670
853,7,0.290,33500,0,2,0,6.70,3,663
854,7,0.370,15000,0,1,0,8.00,13,731
855,7,0.180,14000,0,0,0,11.70,6,657
856,6,0.350,13500,0,1,1,8.70,3,744
857,8,0.260,16500,0,1,0,7.60,7,721
858,8,0.370,14500,0,0,0,7.20,8,601
859,6,0.200,29000,0,0,1,6.00,7,721
860,7,0.270,16000,0,2,1,5.20,11,685
861,7,0.490,14000,1,10,1,5.00,10,398
862,9,0.710,11500,0,0,0,5.30,7,668
863,9,0.270,17000,0,1,0,6.20,8,736
864,7,0.160,19500,0,1,1,5.70,6,554
865,8,0.360,28500,0,3,0,9.80,2,630
866,8,0.360,29500,1,3,0,9.80,2,536
867,6,0.450,21000,1,2,0,6.00,4,639
868,8,0.260,15000,0,1,0,8.00,7,679
869,8,0.250,8500,0,3,0,6.10,6,538
870,9,0.900,25000,0,3,0,7.60,7,511
871,8,0.240,19000,0,1,1,11.40,9,746
872,6,0.290,15000,1,2,0,8.00,4,630
873,7,0.120,16000,0,0,1,5.60,4,742
874,7,0.320,27500,0,1,0,8.10,3,655
875,8,0.170,16500,0,0,0,5.30,7,648
876,8,0.170,16500,0,0,0,5.30,7,635
877,7,0.320,26500,0,1,0,8.10,3,749
878,6,0.310,22000,0,2,1,6.00,4,534
879,7,0.210,15000,0,0,0,5.50,8,744
880,8,0.230,17500,0,1,0,8.50,5,743
881,7,0.200,15500,0,0,1,7.30,7,690
882,8,0.490,20500,0,0,1,7.10,9,727
883,7,0.260,14000,0,0,1,5.40,3,547
884,7,0.380,25000,0,1,0,6.00,4,716
885,7,0.200,15000,0,1,1,6.70,3,770
886,7,0.200,14000,0,1,1,6.70,3,789
887,7,0.200,14000,0,1,1,6.70,3,815
888,8,0.190,30000,0,2,1,9.30,4,680
889,8,0.220,15000,0,2,0,8.00,7,584
890,7,0.280,16500,0,2,1,10.40,3,667
891,8,0.200,19000,0,1,1,12.70,3,709
892,7,0.280,16500,0,1,1,10.40,3,744
893,8,0.200,20000,0,1,1,12.70,3,664
894,7,0.260,15500,0,1,1,10.80,8,721
895,8,0.400,16500,0,0,1,6.60,13,762
896,7,0.150,21500,0,2,1,7.00,7,564
897,6,0.180,24000,1,2,1,6.30,10,617
898,6,0.320,11000,0,0,1,10.20,8,719
899,6,0.190,20500,0,0,0,9.40,9,656
900,6,0.410,16500,0,0,1,5.50,14,734
901,6,0.210,14000,0,0,1,6.30,7,717
902,7,0.340,19500,0,2,0,7.60,4,650
903,8,0.430,21000,2,2,0,9.60,4,583
904,6,0.320,7500,0,2,1,6.70,3,627
905,6,0.250,10000,0,0,1,8.40,9,701
906,7,0.350,20000,0,1,1,7.00,10,543
907,5,0.140,14500,0,0,1,6.00,4,625
908,5,0.130,13500,0,0,1,6.60,4,730
909,6,0.280,12000,0,1,1,8.10,6,741
910,8,0.485,15500,0,0,0,5.20,14,627
911,8,0.485,16500,0,1,0,5.20,14,615
912,7,0.290,14500,0,1,0,3.80,8,725
913,6,0.210,14500,0,0,1,5.10,3,629
914,7,0.290,19500,0,2,0,7.00,4,562
915,6,0.230,17500,0,0,1,6.40,9,658
916,6,0.220,15000,0,2,1,11.50,5,652
917,7,0.290,15500,0,0,1,5.60,7,630
918,5,0.320,10000,0,0,1,5.00,10,658
919,7,0.330,12500,0,0,1,5.30,13,775
920,6,0.190,13000,0,0,1,10.50,5,703
921,6,0.270,15500,0,2,1,11.40,6,606
922,6,0.220,14000,0,2,1,11.50,5,676
923,7,0.180,20000,0,1,1,6.90,7,566
924,7,0.220,19500,0,1,1,8.60,7,679
925,5,0.170,15000,0,0,1,10.50,8,733
926,7,0.450,18000,1,2,1,6.20,8,435
927,9,0.300,17000,0,0,0,6.80,8,584
928,8,0.170,18000,1,1,1,8.50,5,563
929,7,0.250,10500,0,2,1,6.60,4,578
930,6,0.220,27500,0,0,0,5.20,5,591
931,8,0.280,21000,0,0,1,6.90,4,615
932,7,0.180,19000,0,1,1,5.30,4,667
933,6,0.160,16000,0,2,1,6.80,8,584
934,6,0.240,17500,0,0,1,6.50,5,628
935,6,0.160,16000,0,1,1,6.80,8,640
936,6,0.220,13500,0,0,1,5.40,3,649
937,5,0.330,7500,0,0,1,9.70,6,639
938,6,0.200,16500,0,3,1,5.10,12,483
939,7,0.260,17000,0,0,1,8.40,9,563
940,8,0.160,20000,0,1,1,5.90,7,518
941,6,0.250,14500,1,1,0,5.00,4,618
942,6,0.250,15500,1,2,0,5.00,4,543
943,7,0.390,14000,0,0,1,8.60,13,757
944,6,0.280,12000,0,2,1,6.30,7,558
945,9,0.330,19000,0,4,0,10.50,5,645
946,5,0.500,2500,0,0,1,7.60,4,705
947,6,0.280,20500,0,0,1,10.10,12,626
948,7,0.350,13000,0,0,1,5.00,10,639
949,7,0.220,17000,0,1,1,5.80,5,650
950,8,0.240,13500,0,1,0,10.70,12,730
951,6,0.260,16000,0,0,1,7.40,9,680
952,7,0.160,15000,1,3,1,8.30,7,559
953,7,0.330,33000,0,0,0,5.60,4,565
954,6,0.140,16000,0,0,1,11.50,11,763
955,7,0.200,15500,0,1,1,6.70,6,712
956,7,0.115,15000,0,0,1,6.80,5,684
957,6,0.290,11000,0,0,0,8.80,8,594
958,7,0.330,32000,0,0,0,5.60,4,648
959,6,0.240,18000,0,0,1,6.40,12,683
960,7,0.240,18000,0,0,1,6.60,13,692
961,7,0.180,19500,0,0,1,6.90,7,700
962,9,0.930,24500,1,4,0,8.60,7,460
963,7,0.280,19000,0,3,0,4.10,12,424
964,8,0.250,13500,0,0,0,4.00,13,743
965,7,0.180,13500,0,0,1,9.80,8,721
966,6,0.330,19000,0,0,1,7.00,10,684
967,6,0.370,15000,0,0,1,6.20,14,685
968,9,0.490,11500,0,0,0,6.20,5,660
969,8,0.250,13500,0,0,0,4.00,13,748
970,7,0.190,15000,0,1,1,7.30,4,751
971,7,0.190,15000,0,1,1,7.30,4,698
972,7,0.190,15000,0,1,1,7.30,4,751
973,7,0.320,30000,1,2,1,8.60,4,571
974,7,0.190,15000,0,1,1,7.30,4,756
975,7,0.190,15000,0,1,1,7.30,4,758
976,6,0.320,7500,0,0,1,5.60,4,601
977,6,0.340,11000,0,0,1,6.00,4,732
978,7,0.240,15500,0,0,1,8.40,9,687
979,6,0.320,14500,0,0,1,7.00,7,581
980,6,0.330,12000,0,0,1,7.30,7,705
981,7,0.180,15500,0,0,1,6.50,5,772
982,6,0.250,10000,0,0,0,6.50,5,628
983,7,0.180,17000,0,0,0,8.20,5,654
984,9,0.230,18500,0,0,0,4.10,6,608
985,7,0.280,20500,0,1,1,7.10,6,665
986,7,0.180,16000,0,0,0,8.20,5,731
987,6,0.180,16000,0,0,1,7.20,5,749
988,7,0.220,14000,0,0,0,5.10,12,670
989,7,0.260,10500,1,2,1,7.10,6,560
990,6,0.250,21000,0,2,1,7.50,5,668
991,6,0.240,12500,1,1,1,7.30,4,612
992,7,0.260,10500,1,2,1,7.10,6,595
993,7,0.270,17500,0,2,1,8.70,6,621
994,7,0.390,18000,0,2,1,9.60,7,619
995,7,0.260,17000,0,1,1,7.20,11,583
996,7,0.320,18500,0,0,1,9.60,13,711
997,7,0.320,18500,0,0,1,9.60,13,703
998,8,0.280,17000,0,2,1,6.70,6,686
999,8,0.280,17000,0,1,1,6.70,6,726
1000,8,0.450,14000,0,1,0,7.20,11,748
1001,6,0.230,16500,0,1,1,6.40,6,701
1002,7,0.230,15000,1,4,0,6.60,4,467
1003,7,0.270,31500,0,2,0,6.70,3,590
1004,7,0.200,18000,0,0,0,8.50,5,750
1005,7,0.200,18000,0,0,0,8.50,5,713
1006,8,0.200,15500,0,0,0,6.50,5,695
1007,7,0.230,20000,0,0,1,11.10,6,634
1008,6,0.440,21000,0,0,1,6.50,5,708
1009,7,0.280,10500,0,2,1,7.20,5,588
1010,6,0.150,14500,0,1,1,6.80,8,730
1011,6,0.230,22000,0,2,1,11.20,8,580
1012,7,0.200,15500,0,0,1,6.80,8,653
1013,9,0.340,27000,0,1,0,9.40,3,663
1014,7,0.180,14500,0,0,1,9.50,8,699
1015,7,0.290,11000,0,2,1,7.50,5,588
1016,6,0.260,8500,0,1,1,6.20,8,746
1017,7,0.210,10500,0,0,1,6.00,7,720
1018,7,0.480,14000,0,2,1,6.90,4,630
1019,8,0.190,28000,0,1,0,10.90,4,705
1020,6,0.250,14000,0,0,1,6.20,8,715
1021,7,0.290,15000,1,4,0,7.60,4,454
1022,6,0.310,9000,0,2,1,6.20,5,694
1023,7,0.140,15000,0,0,1,5.80,8,723
1024,6,0.160,12500,0,0,1,8.60,7,719
1025,6,0.160,12000,0,0,1,8.90,7,656
1026,7,0.330,13000,0,2,0,10.50,5,626
1027,7,0.330,13000,0,2,0,10.50,5,635
1028,7,0.330,13000,0,2,0,10.50,5,621
1029,6,0.430,12500,0,0,1,7.20,5,575
1030,7,0.400,15000,0,0,1,8.80,14,711
1031,8,0.170,15000,0,1,0,8.40,9,669
1032,6,0.320,11500,1,1,1,6.70,6,689
1033,7,0.320,16500,0,0,1,8.60,13,692
1034,7,0.420,9500,0,1,1,5.00,7,661
1035,6,0.290,21000,0,2,1,7.50,5,686
1036,6,0.260,10000,1,2,1,6.00,4,639
1037,6,0.210,29500,1,2,0,6.60,4,559
1038,8,0.280,17000,0,0,1,7.40,6,652
1039,6,0.210,28500,1,1,0,6.60,4,628
1040,9,0.280,15000,0,0,0,7.90,4,646
1041,6,0.320,15000,0,0,1,9.80,14,765
1042,7,0.190,17500,0,0,1,5.60,13,680
1043,7,0.420,19000,0,0,1,8.00,10,713
1044,7,0.200,15500,0,0,1,5.00,13,761
1045,6,0.400,16000,0,0,1,7.10,15,764
1046,4,0.445,6000,1,2,1,8.60,7,598
1047,7,0.200,17000,0,0,1,9.30,10,709
1048,7,0.380,13500,0,1,1,8.90,4,731
1049,7,0.300,17000,0,2,0,6.50,8,638
1050,6,0.370,14000,0,0,1,9.80,14,748
1051,8,0.270,18000,0,0,1,7.90,7,628
1052,6,0.260,12000,0,2,1,10.80,8,641
1053,6,0.280,19500,1,4,1,8.00,4,462
1054,7,0.230,13000,0,0,1,8.50,5,677
1055,6,0.170,14500,0,0,1,7.50,8,641
1056,8,0.240,13000,0,2,0,7.00,7,697
1057,7,0.280,33500,0,3,0,6.40,3,528
1058,8,0.260,15500,0,0,0,11.60,13,725
1059,7,0.460,21000,2,2,0,9.50,5,598
1060,7,0.310,12000,0,2,1,8.00,7,579
1061,6,0.210,14000,0,0,1,7.30,10,708
1062,7,0.480,17500,0,0,1,6.50,14,691
1063,8,0.250,17000,0,0,1,7.30,7,714
1064,6,0.180,15500,0,0,1,7.50,8,653
1065,6,0.320,13000,1,2,1,7.60,4,606
1066,7,0.340,15000,0,2,1,5.20,8,666
1067,6,0.160,14500,0,0,1,6.10,9,700
1068,6,0.450,37500,1,2,1,6.60,4,612
1069,6,0.330,11000,0,1,1,6.50,11,501
1070,7,0.200,16000,0,2,1,6.00,13,695
1071,7,0.200,16000,0,2,1,6.00,13,686
1072,6,0.270,11500,1,4,1,9.50,5,451
1073,7,0.230,21000,0,0,1,8.60,7,688
1074,6,0.260,14500,0,0,1,7.00,10,699
1075,6,0.150,14000,0,0,1,6.20,8,762
1076,7,0.200,35000,0,2,0,6.10,3,604
1077,6,0.300,16500,1,4,1,8.70,6,487
1078,6,0.300,17000,1,3,1,8.70,6,526
1079,7,0.210,20500,0,3,0,6.90,10,477
1080,6,0.240,14500,0,1,1,10.30,7,746
1081,6,0.170,17000,0,0,1,7.80,5,696
1082,6,0.695,28500,1,3,1,7.10,3,546
1083,8,0.300,13500,0,2,0,9.30,4,633
1084,8,0.360,19500,0,0,1,7.70,12,690
1085,9,0.190,24000,0,3,0,9.00,7,458
1086,8,0.260,14000,0,2,0,8.00,7,667
1087,9,0.160,24000,0,0,0,10.80,5,626
1088,7,0.440,14000,0,0,1,7.10,15,682
1089,7,0.210,16000,0,2,1,9.60,7,487
1090,8,0.270,12500,0,2,0,7.60,4,676
1091,6,0.380,10500,1,4,1,9.20,5,462
1092,8,0.240,16000,0,0,0,7.00,7,585
1093,7,0.815,5500,0,2,1,6.00,4,560
1094,8,0.400,16000,0,0,0,6.90,16,723
1095,6,0.260,22500,0,2,1,8.50,5,575
1096,6,0.440,9000,1,2,1,10.60,4,639
1097,7,0.240,14500,0,0,1,10.30,7,677
1098,6,0.290,8000,0,2,1,6.00,4,629
1099,6,0.270,9500,0,2,1,7.20,5,618
1100,7,0.350,10000,0,1,0,7.70,3,688
1101,6,0.430,14000,1,2,1,6.20,5,628
1102,8,0.260,14000,0,1,1,7.00,7,706
1103,6,0.320,16500,1,2,1,9.00,7,644
1104,6,0.270,13000,0,0,1,9.40,6,717
1105,6,0.260,13500,0,0,1,9.50,8,735
1106,6,0.270,13000,0,2,1,9.80,8,670
1107,6,0.560,7500,0,1,1,7.20,5,634
1108,6,0.200,14000,0,0,1,8.40,9,671
1109,7,0.290,16000,0,2,1,10.00,4,589
1110,8,0.330,18000,0,1,1,8.80,8,673
1111,7,0.320,16500,0,2,0,8.80,5,697
1112,6,0.330,13000,0,0,0,7.60,4,576
1113,6,0.330,12000,0,0,0,7.60,4,630
1114,8,0.250,17500,0,0,0,7.50,5,630
1115,7,0.270,40500,0,1,0,6.10,3,612
1116,7,0.280,16000,0,0,1,9.60,7,693
1117,5,0.160,17000,0,0,1,7.30,7,687
1118,7,0.250,18000,0,2,0,7.50,5,618
1119,5,0.350,20000,0,1,1,7.80,11,743
1120,6,0.290,24500,0,0,0,7.00,4,691
1121,6,0.240,16000,0,0,1,7.20,5,661
1122,6,0.300,9000,1,2,1,7.00,4,558
1123,6,0.240,17000,0,0,0,6.40,3,627
1124,6,0.280,12000,1,1,1,6.90,4,690
1125,7,0.390,23500,0,0,1,11.00,7,720
1126,6,0.210,19000,0,0,1,7.40,3,580
1127,6,0.310,20000,0,2,1,7.40,6,627
1128,8,0.340,20000,0,2,1,7.20,5,466
1129,8,0.300,14000,0,1,1,6.20,5,719
1130,6,0.320,16000,0,1,1,7.10,6,738
1131,7,0.340,16500,0,0,1,7.90,13,694
1132,8,0.270,29500,0,0,0,10.00,4,613
1133,6,0.340,19000,0,0,0,7.40,6,567
1134,6,0.340,15000,0,0,1,7.90,13,727
1135,7,0.120,15000,0,0,0,7.70,12,754
1136,7,0.510,14500,0,2,1,8.50,5,668
1137,7,0.120,15000,0,0,0,7.70,12,732
1138,7,0.410,12500,1,2,1,7.10,6,563
1139,8,0.200,20000,0,2,1,6.80,11,647
1140,7,0.410,12500,1,2,1,7.10,6,559
1141,7,0.160,17500,0,0,1,7.60,7,703
1142,6,0.160,19500,0,0,1,7.40,6,663
1143,6,0.420,6500,0,1,1,7.00,4,635
1144,6,0.540,15500,0,4,1,5.20,5,489
1145,6,0.230,15000,0,0,1,6.10,9,731
1146,9,0.260,17000,0,2,0,7.80,8,699
1147,5,0.280,7000,0,0,1,6.50,5,694
1148,5,0.280,7000,0,0,1,6.50,5,656
1149,9,0.290,18000,0,2,1,7.80,8,617
1150,8,0.270,18000,0,2,1,7.80,8,592
1151,6,0.230,12500,0,0,1,6.60,4,735
1152,7,0.220,12000,0,1,1,7.60,10,719
1153,6,0.500,19000,0,2,1,8.80,5,636
1154,6,0.330,8000,0,0,1,7.20,5,602
1155,6,0.260,21000,0,2,1,7.50,5,673
1156,7,0.200,24500,0,2,0,9.90,4,632
1157,6,0.260,21000,0,2,1,7.50,5,681
1158,6,0.130,21000,0,0,1,10.60,10,729
1159,7,0.230,33000,0,2,0,7.40,3,569
1160,6,0.150,22000,0,1,1,10.60,10,717
1161,6,0.320,14000,0,0,0,6.30,10,669
1162,6,0.280,12000,0,0,0,6.80,5,576
1163,5,0.255,32500,0,0,1,6.20,5,648
1164,7,0.370,8000,0,3,1,6.70,3,620
1165,6,0.280,18000,0,1,1,7.80,5,743
1166,6,0.240,15000,0,0,1,6.20,11,639
1167,7,0.160,17000,0,0,1,5.30,13,691
1168,6,0.340,19000,0,2,1,7.10,6,536
1169,6,0.260,14000,0,2,1,7.50,8,538
1170,5,0.300,14500,0,0,1,8.80,14,680
1171,6,0.280,28000,0,0,0,5.60,4,684
1172,6,0.180,15000,0,1,0,7.00,4,742
1173,6,0.180,15000,0,1,0,7.00,4,721
1174,6,0.180,15000,0,1,0,7.00,4,738
1175,7,0.615,7000,1,3,1,7.10,6,495
1176,6,0.130,14000,0,0,1,6.30,7,686
1177,5,0.500,6500,0,0,1,13.50,17,726
1178,8,0.520,18000,0,2,1,5.80,8,617
1179,7,0.280,16500,0,2,1,9.40,6,567
1180,6,0.320,13500,0,2,1,9.00,4,654
1181,6,0.110,21000,0,0,1,11.90,10,753
1182,6,0.260,17000,0,2,1,9.20,5,620
1183,6,0.300,14500,0,0,1,9.90,10,774
1184,7,0.250,16000,0,1,0,6.40,9,746
1185,6,0.270,24000,1,2,1,10.20,5,620
1186,6,0.300,20500,0,2,1,7.20,5,616
1187,6,0.180,20500,0,0,1,10.90,7,752
1188,6,0.180,20500,0,0,1,10.90,7,716
1189,6,0.180,20500,0,0,1,10.90,7,742
1190,6,0.280,14000,0,0,1,5.10,3,650
1191,6,0.260,10500,0,0,1,5.90,10,760
1192,6,0.210,19500,0,0,1,7.00,13,630
1193,8,0.240,12000,0,0,1,7.20,8,768
1194,7,0.170,11500,0,0,1,6.10,9,738
1195,7,0.240,14500,0,2,1,6.00,4,585
1196,8,0.320,14000,0,0,0,7.40,15,680
1197,8,0.310,37500,0,2,0,13.10,3,585
1198,7,0.130,20000,0,0,1,7.40,12,685
1199,6,0.150,19500,0,2,1,5.80,8,547
1200,7,0.230,21000,0,0,1,12.10,6,627
1201,8,0.330,12000,0,1,1,7.90,7,560
1202,6,0.120,16000,0,0,1,6.30,7,681
1203,5,0.150,15000,0,0,1,7.90,4,615
1204,7,0.170,12000,0,1,1,6.60,7,723
1205,7,0.340,20500,1,2,0,7.50,5,543
1206,6,0.680,13000,0,0,1,6.90,4,634
1207,6,0.280,14500,0,0,1,6.10,3,583
1208,6,0.400,12000,1,3,1,8.20,5,616
1209,6,0.190,12500,0,2,1,10.30,7,635
1210,7,0.150,18000,0,0,1,6.60,13,672
1211,7,0.300,14000,0,2,1,8.90,10,658
1212,7,0.230,16500,0,0,0,9.40,9,706
1213,6,0.120,12500,0,0,1,6.60,10,738
1214,5,0.340,15500,0,0,1,6.70,15,741
1215,5,0.300,16000,0,0,1,6.70,15,707
1216,7,0.150,15000,0,0,1,5.50,5,701
1217,7,0.320,11000,0,0,0,9.90,7,765
1218,7,0.100,17500,0,0,0,10.60,10,682
1219,7,0.310,9500,0,0,1,6.80,5,596
1220,7,0.180,14000,0,0,1,6.60,4,721
1221,8,0.170,15500,0,0,0,4.70,15,683
1222,7,0.190,14500,0,0,0,8.90,4,671
1223,6,0.210,14500,0,0,1,7.60,10,703
1224,7,0.160,18000,0,0,0,5.60,10,751
1225,6,0.300,12500,0,0,1,7.90,4,731
1226,6,0.310,15000,0,1,0,8.40,6,747
1227,6,0.230,19000,0,0,1,6.40,3,630
1228,6,0.260,19000,1,1,1,5.20,5,670
1229,6,0.230,21000,0,2,1,7.90,4,698
1230,5,0.200,12000,0,1,1,6.00,7,637
1231,6,0.210,23000,0,2,1,6.30,4,637
1232,7,0.250,18000,0,2,1,11.70,3,610
1233,6,0.160,15500,0,0,1,6.40,9,668
1234,7,0.180,16500,0,2,0,5.70,9,688
1235,6,0.290,15500,0,0,1,10.20,11,701
1236,6,0.300,12000,1,2,1,7.60,4,637
1237,7,0.510,18000,0,2,0,7.10,6,627
1238,6,0.170,15500,0,0,0,6.50,8,741
1239,6,0.615,22000,0,0,1,5.90,4,568
1240,6,0.320,14000,0,0,0,7.20,14,732
1241,6,0.200,10500,0,0,1,6.90,4,658
1242,6,0.615,22000,0,0,1,5.90,4,534
1243,6,0.440,11000,0,0,1,7.40,15,742
1244,5,0.170,17000,0,1,1,13.40,12,797
1245,5,0.170,16000,0,1,1,4.80,8,575
1246,6,0.340,9000,1,3,1,7.60,4,648
1247,5,0.130,13000,0,0,1,7.90,4,687
1248,7,0.180,17500,0,0,1,8.60,7,716
1249,6,0.270,15500,0,0,1,5.60,10,677
1250,6,0.160,19500,0,0,0,8.00,13,663
1251,7,0.160,15000,0,1,0,5.50,5,690
1252,7,0.300,17000,0,0,1,5.30,13,742
1253,7,0.200,19000,0,0,1,8.90,10,667
1254,6,0.235,19000,0,1,1,6.60,13,540
1255,7,0.965,31000,0,1,1,10.10,12,676
1256,7,0.200,15500,0,1,1,8.20,8,749
1257,7,0.200,15500,0,1,1,8.20,8,741
1258,7,0.200,16500,0,1,1,8.20,8,657
1259,6,0.240,13500,1,1,1,7.30,4,624
1260,7,0.200,15500,0,1,1,8.20,8,719
1261,6,0.250,27500,0,3,1,7.60,4,556
1262,6,0.370,15000,0,0,1,7.50,17,731
1263,6,0.220,16000,0,0,1,8.70,9,782
1264,6,0.370,15000,0,0,1,7.50,17,753
1265,6,0.160,18500,0,0,1,7.20,14,740
1266,6,0.250,26500,0,2,1,7.60,4,629
1267,5,0.150,15500,0,0,1,5.50,8,706
1268,6,0.220,16000,0,0,1,8.70,9,790
1269,7,0.200,13000,0,0,1,6.40,9,703
1270,7,0.170,36500,0,0,0,6.70,3,648
1271,7,0.180,37000,0,1,0,6.70,3,601
1272,7,0.270,24000,0,2,1,7.20,5,697
1273,6,0.160,17000,0,0,1,8.30,7,707
1274,5,0.320,15500,0,1,1,10.60,13,719
1275,6,0.190,20500,0,0,1,5.00,16,707
1276,6,0.110,25500,1,2,0,5.90,4,494
1277,6,0.325,42000,0,0,0,5.60,4,588
1278,6,0.200,13000,0,1,1,6.50,8,636
1279,6,0.140,15500,0,0,1,5.50,11,750
1280,7,0.260,17000,0,2,1,5.60,10,613
1281,6,0.220,18000,0,0,1,6.40,9,639
1282,6,0.170,16000,0,0,1,8.00,10,693
1283,6,0.250,11000,0,1,1,7.50,8,718
1284,6,0.150,15500,0,0,0,8.60,10,685
1285,6,0.370,16500,0,0,1,5.60,10,750
1286,5,0.375,18000,0,0,1,5.50,8,732
1287,8,0.220,17500,0,1,0,6.70,9,538
1288,6,0.220,14500,0,0,1,8.70,9,728
1289,6,0.150,14500,0,0,0,8.60,10,717
1290,5,0.160,19500,0,0,1,8.80,8,720
1291,6,0.210,14000,0,0,1,6.00,10,729
1292,6,0.290,14500,0,0,1,9.80,14,838
1293,6,0.330,13000,0,0,1,6.60,10,716
1294,6,0.210,14000,0,0,1,6.00,10,706
1295,5,0.160,19500,0,0,1,8.80,8,705
1296,6,0.230,12500,0,0,0,4.80,8,649
1297,6,0.170,15500,0,0,1,5.90,13,657
1298,5,0.230,19000,0,0,1,14.30,13,682
1299,6,0.150,20000,0,0,0,7.20,11,678
1300,5,0.320,17500,0,0,1,6.10,15,717
1301,5,0.370,16000,0,0,1,5.10,12,655
1302,7,0.250,19500,0,1,0,7.10,9,559
1303,7,0.210,14000,0,0,0,6.40,12,719
1304,7,0.240,16000,0,0,1,5.70,6,631
1305,6,0.200,16000,0,1,1,8.50,11,581
1306,8,0.220,20000,0,3,0,5.50,8,455
1307,8,0.360,18000,0,0,0,5.00,16,744
1308,6,0.160,17000,0,1,1,12.00,13,740
1309,6,0.125,18000,0,0,1,7.10,12,757
1310,6,0.440,14000,1,2,1,8.00,7,610
1311,7,0.310,20500,1,2,1,8.90,7,571
1312,6,0.420,23000,1,2,1,7.00,4,624
1313,6,0.160,18500,0,0,1,8.50,8,698
1314,6,0.220,16000,0,0,1,8.70,12,725
1315,6,0.360,8000,0,1,1,7.20,5,580
1316,5,0.210,12500,0,0,1,7.20,11,738
1317,6,0.250,16000,0,0,1,8.40,9,741
1318,7,0.310,14000,1,1,0,6.40,6,560
1319,6,0.260,24000,0,2,1,6.90,4,573
1320,6,0.200,16500,0,0,1,7.90,10,651
1321,6,0.220,16000,0,0,1,8.70,12,722
1322,7,0.180,16000,0,2,0,5.90,4,630
1323,6,0.140,20000,0,0,0,8.20,11,678
1324,6,0.140,19000,0,0,0,8.20,11,710
1325,6,0.440,14000,0,0,1,5.10,15,658
1326,7,0.280,22000,0,1,0,6.40,9,506
1327,6,0.390,14500,0,1,1,8.50,8,723
1328,6,0.220,15500,0,0,0,7.40,9,740
1329,5,0.155,15500,0,0,1,12.70,12,811
1330,7,0.310,15500,0,0,0,4.00,13,693
1331,5,0.155,16500,0,0,1,12.70,12,759
1332,6,0.220,15500,0,0,0,7.40,9,663
1333,7,0.270,16000,0,1,0,4.20,11,508
1334,7,0.290,17000,0,0,1,6.10,9,712
1335,7,0.290,16000,0,0,1,6.10,9,748
1336,4,0.330,15500,0,1,1,8.00,19,796
1337,5,0.290,15000,0,0,1,5.00,10,662
1338,7,0.200,12000,0,0,1,7.00,7,639
1339,6,0.280,13500,0,0,0,8.00,4,607
1340,7,0.350,14000,0,1,1,6.90,10,562
1341,7,0.200,12000,0,0,1,7.00,7,622
1342,7,0.400,13000,0,0,0,8.60,16,727
1343,6,0.230,21500,0,0,1,8.00,10,653
1344,6,0.380,20000,0,0,0,7.60,4,565
1345,5,0.190,14000,0,1,1,9.80,8,576
1346,6,0.230,15000,0,0,0,8.00,4,685
1347,8,0.310,17500,0,1,0,4.50,11,578
1348,6,0.200,15000,0,0,0,6.00,10,711
1349,7,0.260,13000,0,0,0,6.70,6,599
1350,6,0.220,12000,0,0,0,6.20,8,654
1351,6,0.320,19500,0,0,1,5.30,13,724
1352,6,0.360,13000,0,0,0,4.60,13,756
1353,6,0.380,21000,0,0,1,4.20,14,758
1354,8,0.230,13000,0,0,0,5.50,8,769
1355,6,0.180,14000,0,0,0,6.70,9,704
1356,6,0.320,15000,0,0,0,9.90,16,723
1357,6,0.180,14000,0,0,0,6.70,9,765
1358,6,0.200,13500,0,0,0,6.50,8,752
1359,6,0.370,14000,0,1,1,6.80,11,717
1360,6,0.180,18000,0,0,1,7.00,10,729
1361,6,0.300,19000,0,1,0,5.30,13,687
1362,5,0.300,17500,0,1,1,4.00,16,705
1363,6,0.250,16500,1,2,1,7.50,5,614
1364,6,0.250,19500,0,0,1,6.60,13,693
1365,7,0.450,18000,0,0,0,5.00,10,657
1366,7,0.320,16000,0,0,0,6.20,11,668
1367,5,0.340,16000,0,0,0,5.00,13,665
1368,6,0.220,14500,0,0,0,5.70,12,818
1369,7,0.320,15000,0,0,0,6.20,11,701
1370,8,0.320,18500,0,0,0,5.40,12,666
1371,8,0.740,11500,0,0,0,5.10,6,590
1372,5,0.220,15500,0,1,1,9.00,10,695
1373,7,0.180,19500,0,0,1,8.50,8,653
1374,7,0.470,14500,0,0,0,7.00,13,772
1375,5,0.190,13500,0,0,1,6.60,4,660
1376,6,0.140,24000,0,0,1,7.70,9,638
1377,6,0.240,16500,0,0,1,7.90,10,711
1378,6,0.330,21000,0,2,1,8.20,5,699
1379,6,0.230,22500,0,0,0,7.90,10,727
1380,6,0.200,20500,0,1,1,5.40,9,562
1381,6,0.330,20000,0,1,1,8.20,5,727
1382,7,0.210,50000,0,0,0,6.60,4,679
1383,6,0.240,19500,0,0,1,5.20,14,688
1384,7,0.180,28500,0,3,0,6.70,12,583
1385,7,0.170,21500,0,0,0,8.10,12,741
1386,7,0.330,20000,2,2,0,8.20,5,586
1387,5,0.200,33000,0,1,0,6.20,8,733
1388,7,0.170,19000,0,0,0,7.50,5,622
1389,7,0.270,20500,0,1,1,12.10,15,556
1390,6,0.250,20000,0,2,1,6.30,4,604
1391,8,0.190,24000,0,0,0,7.50,8,745
1392,6,0.250,28000,0,2,1,10.20,8,616
1393,6,0.250,29000,0,3,1,10.20,8,539
1394,6,0.280,21500,0,0,0,8.50,14,774
1395,7,0.150,20000,0,0,1,6.40,6,665
1396,6,0.180,20000,0,0,1,7.20,14,653
1397,6,0.240,21500,0,0,1,6.00,13,640
1398,6,0.250,18500,0,1,1,9.20,8,533
1399,6,0.150,20000,0,0,0,6.60,13,765
1400,6,0.350,18000,0,0,1,12.00,13,594
1401,8,0.190,24000,0,0,0,7.50,8,750
1402,6,0.250,28000,0,2,1,10.20,8,649
1403,6,0.170,17500,0,0,1,10.90,10,725
1404,5,0.310,16000,0,0,1,7.10,18,751
1405,6,0.200,21000,1,10,1,6.30,7,349
1406,6,0.370,18500,0,0,0,5.90,13,743
1407,6,0.360,19000,0,0,0,4.00,13,690
1408,6,0.170,17500,0,0,1,10.90,10,739
1409,6,0.280,23500,0,1,0,7.50,5,744
1410,7,0.270,26000,0,1,0,7.20,11,720
1411,9,0.240,24500,0,0,0,8.00,7,681
1412,9,0.240,24500,0,0,0,8.00,7,723
1413,6,0.130,20500,0,0,1,9.90,10,687
1414,6,0.780,26000,0,0,1,7.10,12,618
1415,6,0.340,20000,0,0,0,7.60,13,718
1416,6,0.140,25500,0,0,0,8.10,9,733
1417,6,0.290,13000,0,0,1,5.60,7,707
1418,7,0.250,22500,0,0,1,7.70,12,772
1419,7,0.210,26500,0,1,1,7.30,10,588
1420,7,0.260,25500,0,1,0,7.60,10,721
1421,7,0.350,24000,0,1,0,7.90,7,569
1422,6,0.240,23000,0,0,0,9.70,12,704
1423,6,0.230,19500,0,0,1,6.70,12,747
1424,7,0.230,18000,0,0,0,10.20,8,571
1425,6,0.170,17000,0,0,1,6.90,10,697
1426,6,0.210,19500,0,0,1,7.00,10,681
1427,6,0.230,19500,0,0,1,6.70,12,745
1428,5,0.190,19500,0,0,0,4.40,9,602
1429,7,0.230,18000,0,0,0,10.20,8,594
1430,5,0.180,13500,0,0,1,5.70,15,742
1431,5,0.180,13000,0,1,1,6.60,13,566
1432,6,0.330,20000,0,0,1,6.10,15,708
1433,6,0.350,14000,1,2,0,7.40,3,602
1434,6,0.250,18500,0,0,1,6.40,15,699
1435,6,0.220,21500,0,0,0,7.40,9,699
1436,6,0.390,18500,0,1,1,7.70,3,744
1437,5,0.330,16000,0,0,1,5.10,15,751
1438,6,0.230,18000,0,0,1,6.40,3,677
1439,6,0.230,18000,0,0,1,6.40,3,667
1440,6,0.230,18000,0,0,1,6.40,3,665
1441,5,0.290,17500,0,0,1,6.90,13,667
1442,6,0.390,17000,0,0,1,6.00,13,745
1443,6,0.170,23000,0,1,0,7.50,5,571
1444,6,0.390,17000,0,0,1,6.00,13,701
1445,7,0.360,19500,0,0,0,7.10,15,682
1446,6,0.190,16000,0,0,1,5.50,8,685
1447,6,0.340,24000,0,0,1,8.70,15,682
1448,6,0.680,27000,0,0,1,6.00,13,679
1449,5,0.340,19500,0,0,1,6.50,14,711
1450,5,0.160,13000,0,0,0,8.70,6,696
1451,7,0.170,23000,0,0,0,6.10,9,720
1452,7,0.200,20500,0,0,0,5.00,13,659
1453,6,0.330,17000,0,0,0,4.20,14,786
1454,6,0.360,17500,0,0,0,4.20,14,751
1455,5,0.410,11000,1,1,1,6.50,8,624
1456,7,0.150,18500,0,0,0,6.50,5,652
1457,8,0.200,23000,1,3,0,5.50,8,436
1458,8,0.160,19500,0,0,0,5.70,12,679
1459,6,0.210,20000,0,0,1,6.00,10,729
1460,7,0.170,17000,0,0,0,7.00,10,819
1461,5,0.280,16000,0,0,1,9.50,14,692
1462,5,0.120,18500,0,1,1,6.40,6,572
1463,5,0.160,17000,0,0,1,7.00,10,606
1464,7,0.210,21000,0,0,1,7.70,9,742
1465,6,0.220,19000,0,0,0,4.00,10,712
1466,6,0.280,18000,0,2,1,6.30,4,612
1467,6,0.450,19000,0,1,0,6.20,14,708
1468,6,0.210,21000,0,0,0,13.70,9,727
1469,6,0.250,14000,0,3,1,8.40,9,530
1470,6,0.210,18000,0,0,0,5.80,8,599
1471,8,0.300,22000,0,1,0,4.00,13,743
1472,6,0.240,18000,0,1,1,5.40,12,590
1473,7,0.180,22500,0,1,0,5.80,8,699
1474,5,0.335,10000,0,0,1,7.90,13,734
1475,7,0.130,25000,0,1,0,6.30,10,594
1476,6,0.330,20000,0,0,0,5.90,16,770
1477,5,0.200,16000,0,0,1,7.70,6,673
1478,6,0.210,18500,0,0,0,12.50,11,732
1479,6,0.200,15500,0,0,1,5.70,12,655
1480,6,0.250,18000,0,0,1,7.20,8,661
1481,6,0.220,20500,0,0,0,4.50,14,692
1482,6,0.230,17500,0,0,1,6.00,10,703
1483,6,0.340,12000,0,0,0,6.90,13,777
1484,7,0.290,18500,0,0,1,9.80,11,656
1485,6,0.210,18000,0,0,1,3.20,17,720
1486,6,0.220,21500,0,0,1,6.50,11,676
1487,6,0.250,18500,0,0,1,6.30,10,744
1488,6,0.230,17500,0,0,1,6.00,10,757
1489,7,0.190,15500,0,1,0,7.60,4,724
1490,7,0.190,15500,0,2,0,7.60,4,689
1491,7,0.190,15500,0,1,0,7.60,4,727
1492,6,0.320,18000,0,1,1,6.00,16,574
1493,7,0.190,16000,0,2,0,7.90,4,695
1494,6,0.260,15500,0,0,1,9.80,14,794
1495,4,0.215,15500,1,8,1,6.00,1,336
1496,5,0.230,10000,0,1,1,5.60,7,745
1497,7,0.330,19000,0,0,1,7.10,15,680
1498,6,0.380,19000,1,2,1,8.20,5,581
1499,6,0.320,17000,0,0,1,9.00,13,702
1500,6,0.230,16000,0,0,1,7.40,12,772
1501,6,0.220,16500,0,0,1,8.70,9,604
1502,6,0.480,7000,1,2,1,7.40,6,447
1503,6,0.380,19000,1,2,1,8.20,5,593
1504,6,0.150,15500,0,0,0,5.60,7,625
1505,6,0.200,8000,1,1,0,6.20,5,653
1506,6,0.230,15500,0,0,0,9.70,9,714
1507,7,0.250,20500,0,1,0,5.20,11,576
1508,5,0.120,16500,0,0,1,4.70,15,797
1509,6,0.280,21500,0,2,1,7.20,5,568
1510,6,0.280,22000,0,2,1,7.20,5,578
1511,7,0.250,19500,0,0,0,5.20,11,602
1512,6,0.320,16000,0,0,1,6.40,15,702
1513,6,0.350,13000,0,0,1,6.80,8,721
1514,6,0.460,14500,0,0,1,6.20,14,706
1515,7,0.145,16500,0,0,0,5.40,12,772
1516,6,0.435,18000,0,2,1,8.30,4,743
1517,5,0.180,18500,0,0,0,7.10,15,728
1518,6,0.160,17500,0,0,1,11.20,14,765
1519,5,0.210,15000,0,0,1,7.20,8,619
1520,7,0.290,19000,0,0,0,8.20,8,563
1521,6,0.170,15000,0,2,1,6.60,7,603
1522,5,0.170,19000,0,0,1,10.20,8,681
1523,6,0.240,16500,0,1,1,6.50,11,556
1524,6,0.230,16500,0,2,0,7.30,7,686
1525,6,0.230,16000,0,1,0,7.50,8,686
1526,6,0.220,14000,0,1,1,6.30,13,774
1527,6,0.425,13500,0,0,0,6.20,11,670
1528,6,0.380,14500,0,1,0,9.50,5,719
1529,6,0.380,13500,0,1,0,9.50,5,725
1530,6,0.380,14500,0,2,0,9.50,5,657
1531,7,0.170,14500,0,0,0,7.50,5,657
1532,6,0.300,16500,0,0,1,8.80,14,714
1533,7,0.170,13500,0,0,0,7.50,5,709
1534,6,0.380,14500,0,1,0,9.50,5,704
1535,6,0.180,13000,1,1,0,7.80,8,682
1536,6,0.170,13500,0,0,1,7.70,6,686
1537,7,0.220,15000,0,0,0,8.90,10,676
1538,6,0.360,15000,0,0,0,5.50,14,682
1539,6,0.430,15000,0,0,0,5.20,14,689
1540,7,0.220,14000,0,0,0,8.90,10,724
1541,6,0.220,15000,0,0,1,5.80,14,694
1542,6,0.300,11500,0,0,0,6.60,13,688
1543,6,0.180,14000,0,1,1,6.60,7,728
1544,7,0.220,14000,0,0,0,8.50,11,698
1545,5,0.150,14000,0,0,1,7.00,10,665
1546,6,0.280,13000,0,0,0,6.60,16,694
1547,7,0.220,13000,0,0,1,7.60,7,749
1548,6,0.280,13500,0,0,1,6.50,14,756
1549,6,0.220,17000,0,1,1,8.60,10,667
1550,6,0.230,16000,0,2,1,8.80,8,661
1551,6,0.280,13500,0,0,1,6.50,14,760
1552,7,0.360,25500,0,2,0,6.60,4,595
1553,6,0.240,15000,0,0,1,8.40,15,724
1554,6,0.290,16000,0,0,0,5.90,13,657
1555,8,0.280,16000,0,0,0,6.90,13,658
1556,6,0.250,23500,0,2,1,7.30,4,584
1557,7,0.290,14000,0,0,0,7.80,8,727
1558,6,0.190,14500,0,1,1,7.90,7,736
1559,5,0.320,17500,0,0,1,7.30,10,680
1560,5,0.180,15000,0,0,1,7.60,10,659
1561,5,0.150,16000,0,0,1,7.60,7,742
1562,5,0.320,16500,0,0,1,7.30,10,710
1563,7,0.320,14000,0,1,0,7.60,7,745
1564,8,0.300,17500,0,0,1,6.50,11,725
1565,6,0.140,8500,0,0,0,8.40,6,691
1566,6,0.240,15500,0,1,0,7.30,7,659
1567,6,0.210,24000,1,1,0,11.40,3,674
1568,8,0.300,17500,0,0,1,6.50,11,742
1569,7,0.370,19000,0,1,0,7.40,6,728
1570,7,0.280,25500,0,0,0,6.50,2,583
1571,6,0.290,14000,0,0,1,8.10,15,743
1572,6,0.280,13000,0,0,0,9.30,16,820
1573,7,0.180,20500,0,1,1,11.30,4,648
1574,6,0.320,13500,0,0,1,10.50,14,727
1575,7,0.180,20500,1,1,1,11.30,4,591
1576,7,0.180,19500,0,1,1,11.30,4,738
1577,6,0.255,13500,0,0,0,8.70,15,769
1578,8,0.340,15500,0,0,0,5.50,14,682
1579,6,0.240,11500,0,0,0,12.20,11,747
1580,6,0.170,18000,0,1,1,9.00,13,563
1581,7,0.250,16000,0,1,1,7.30,10,537
1582,6,0.160,12000,0,0,1,4.20,11,652
1583,7,0.340,15000,0,1,1,6.20,8,687
1584,6,0.170,14500,0,0,0,5.60,4,718
1585,6,0.470,15500,0,0,1,6.00,16,707
1586,6,0.210,15500,0,0,0,6.50,11,695
1587,6,0.390,7500,0,2,0,7.80,8,573
1588,6,0.170,17000,0,0,1,6.70,15,719
1589,6,0.290,21500,0,2,0,7.80,5,590
1590,6,0.190,17000,0,0,1,6.70,15,748
1591,6,0.160,18000,0,0,1,5.60,16,754
1592,7,0.220,14000,0,0,0,4.60,4,699
1593,6,0.190,21000,0,0,0,8.50,8,671
1594,6,0.370,12000,0,0,0,3.20,17,748
1595,5,0.450,13500,0,0,1,4.20,17,800
1596,6,0.360,14000,0,0,0,4.00,16,702
1597,7,0.210,16000,0,0,0,7.60,7,742
1598,7,0.200,10000,0,0,0,6.10,12,744
1599,6,0.280,15500,0,0,0,7.20,11,748
1600,6,0.280,13500,0,0,1,6.00,16,739
1601,6,0.240,19000,0,0,1,7.70,9,664
1602,6,0.240,14000,0,0,1,8.90,10,728
1603,7,0.430,50000,0,1,1,7.00,13,711
1604,6,0.300,18000,0,0,1,7.50,8,660
1605,6,0.330,15000,0,0,1,6.30,16,772
1606,6,0.240,18000,0,0,1,7.70,9,729
1607,6,0.330,15500,0,0,1,7.20,17,749
1608,6,0.160,17000,0,0,1,9.50,11,707
1609,7,0.220,12000,0,2,0,8.50,8,663
1610,6,0.190,14000,0,0,1,7.10,12,718
1611,7,0.350,14000,0,0,0,6.00,16,733
1612,6,0.190,16500,0,0,0,9.90,13,727
1613,7,0.330,17000,0,1,1,7.90,16,737
1614,6,0.290,14500,0,0,0,6.10,18,760
1615,6,0.330,31000,0,0,1,6.20,17,764
1616,6,0.320,21500,0,2,1,6.20,5,542
1617,6,0.750,9500,0,3,0,3.30,10,443
1618,6,0.220,15000,0,0,1,5.80,8,731
1619,7,0.240,14000,0,0,0,5.70,9,709
1620,6,0.270,24500,0,0,1,7.30,7,561
1621,7,0.270,16500,0,0,0,4.10,15,702
1622,7,0.280,13500,0,0,0,5.00,16,674
1623,6,0.230,19500,0,1,1,7.20,5,658
1624,5,0.220,12000,0,0,1,7.00,4,660
1625,5,0.220,11000,0,0,1,7.00,4,735
1626,5,0.140,7500,0,0,0,9.70,6,689
1627,6,0.640,15000,0,0,0,9.70,15,709
1628,7,0.370,18000,0,2,0,4.20,14,679
1629,7,0.480,6000,0,0,0,5.00,4,627
1630,7,0.380,15000,0,0,0,6.80,14,683
1631,6,0.260,13500,0,0,0,5.50,11,732
1632,8,0.250,13500,0,0,0,5.60,10,726
1633,7,0.310,21000,0,0,1,7.70,12,657
1634,7,0.280,19000,0,2,1,8.80,8,592
1635,7,0.300,11500,0,0,0,5.30,10,613
1636,7,0.250,15000,0,0,0,5.50,11,688
1637,6,0.190,35500,0,0,0,7.50,5,723
1638,6,0.190,36500,0,0,0,7.50,5,673
1639,6,0.190,17500,0,0,1,10.00,13,735
1640,6,0.190,16000,0,0,0,6.10,9,719
1641,7,0.160,14500,0,0,0,6.30,13,761
1642,6,0.120,16000,0,0,1,5.70,6,663
1643,6,0.295,12000,0,0,1,9.20,8,733
1644,7,0.320,13500,0,0,1,9.80,14,754
1645,6,0.350,25000,1,2,0,7.20,5,558
1646,6,0.380,13000,0,1,0,9.60,4,614
1647,7,0.160,12500,0,0,0,6.60,4,709
1648,6,0.140,9000,0,0,1,8.60,10,702
1649,7,0.160,12500,0,0,0,6.60,4,705
1650,7,0.240,15000,0,0,0,5.50,14,722
1651,7,0.320,31500,0,2,0,8.90,4,616
1652,6,0.450,14000,0,0,0,6.80,8,689
1653,6,0.200,13000,0,1,0,11.10,9,707
1654,7,0.290,18500,0,1,1,7.20,11,571
1655,6,0.370,11000,2,2,1,6.50,5,617
1656,6,0.380,10000,1,1,1,6.50,5,659
1657,6,0.210,25500,0,0,1,7.40,3,735
1658,6,0.300,12500,0,0,0,5.40,9,712
1659,7,0.310,13500,0,1,0,5.00,10,685
1660,6,0.260,19500,0,0,1,11.90,10,691
1661,6,0.290,17000,0,0,1,9.50,14,707
1662,6,0.130,16000,0,0,0,6.00,7,750
1663,6,0.240,11500,0,0,0,8.20,11,733
1664,7,0.330,11000,0,0,0,7.60,13,775
1665,7,0.310,13500,0,0,0,5.30,10,614
1666,6,0.190,32000,0,2,0,8.20,8,489
1667,6,0.320,8500,1,1,1,7.40,3,655
1668,6,0.600,8000,1,2,1,7.20,8,478
1669,5,0.290,26000,0,1,1,5.70,15,827
1670,5,0.320,14000,0,0,1,8.00,16,749
1671,5,0.300,15000,0,0,1,6.80,17,732
1672,5,0.250,9500,0,1,1,6.20,8,706
1673,7,0.230,13500,0,0,0,7.10,3,649
1674,7,0.200,13500,0,0,0,5.50,8,734
1675,7,0.220,13000,0,0,0,5.50,14,781
1676,6,0.150,21500,0,2,1,11.60,7,669
1677,6,0.160,14500,0,0,1,5.40,9,612
1678,5,0.210,12000,0,1,1,4.50,11,719
1679,7,0.220,13000,0,0,0,6.20,11,739
1680,7,0.200,13500,0,0,0,5.50,8,761
1681,7,0.230,13500,0,0,0,7.10,3,645
1682,7,0.300,19500,1,2,0,7.40,6,553
1683,6,0.260,12000,0,0,0,7.60,4,586
1684,7,0.240,16500,0,1,0,7.30,4,661
1685,7,0.240,15500,0,1,0,7.30,4,691
1686,6,0.310,4500,0,0,0,6.30,7,643
1687,6,0.200,11000,0,2,0,8.60,4,579
1688,8,0.180,18000,1,3,0,5.00,7,424
1689,6,0.300,23500,0,2,1,7.50,5,637
1690,6,0.340,13500,0,1,1,9.70,12,756
1691,7,0.310,12500,0,0,0,9.40,6,604
1692,5,0.265,13000,0,1,1,6.40,9,754
1693,6,0.220,10000,0,2,0,7.00,4,683
1694,6,0.220,23000,0,0,1,4.20,17,740
1695,7,0.210,37000,0,0,0,7.60,4,586
1696,5,0.260,9000,0,0,1,5.60,7,724
1697,7,0.150,14000,0,0,0,5.00,4,733
1698,7,0.150,14000,0,0,0,5.00,4,697
1699,7,0.150,14000,0,0,0,5.00,4,687
1700,7,0.270,16000,0,1,0,6.70,12,570
1701,6,0.220,15000,0,1,0,6.00,4,713
1702,6,0.240,13500,0,0,1,7.00,4,593
1703,6,0.280,14500,0,0,1,8.00,10,750
1704,5,0.170,12500,0,0,1,7.00,7,644
1705,6,0.260,18000,0,2,1,6.10,9,603
1706,5,0.460,7500,0,0,1,11.20,17,794
1707,5,0.170,12500,0,0,1,7.00,7,590
1708,6,0.260,18000,0,2,1,6.10,9,596
1709,6,0.270,17500,0,2,1,6.10,9,576
1710,7,0.190,17000,0,0,0,5.00,10,659
1711,7,0.200,16000,0,0,0,5.00,10,740
1712,6,0.170,14000,0,0,1,5.30,10,726
1713,7,0.200,19500,0,1,0,7.70,9,581
1714,6,0.390,14000,0,1,0,5.50,11,563
1715,6,0.400,8500,0,2,0,7.20,5,623
1716,6,0.240,14500,0,0,1,5.80,8,670
1717,6,0.270,14000,0,0,1,6.60,7,730
1718,6,0.240,14500,0,0,1,5.80,8,750
1719,6,0.420,20500,0,3,1,8.10,6,546
1720,6,0.330,15000,0,0,1,4.60,13,669
1721,6,0.330,15000,0,0,1,4.60,13,687
1722,6,0.320,22500,0,0,1,10.10,15,729
1723,7,0.250,14500,0,0,1,4.40,9,675
1724,7,0.270,15000,0,0,0,4.00,10,685
1725,5,0.190,15500,0,0,1,6.60,16,723
1726,6,0.270,23500,1,2,1,7.50,5,614
1727,5,0.240,23500,0,0,1,7.00,7,585
1728,6,0.250,14500,0,0,1,7.30,7,658
1729,7,0.390,11500,0,0,0,7.90,4,618
1730,8,0.200,16000,0,0,0,10.90,7,639
1731,8,0.180,15000,0,0,0,7.00,10,704
1732,7,0.210,21500,1,1,0,7.70,9,589
1733,8,0.200,16000,0,0,0,10.90,7,623
1734,7,0.390,10500,0,0,0,7.90,4,629
1735,6,0.260,21000,1,10,1,7.50,8,323
1736,7,0.280,20000,0,1,1,7.30,10,610
1737,7,0.210,21500,1,1,0,7.70,9,578
1738,7,0.300,16000,0,3,1,8.20,11,575
1739,7,0.340,14000,0,0,1,7.90,7,644
1740,6,0.400,12000,0,0,1,6.90,10,718
1741,5,0.350,13000,0,0,1,6.50,11,739
1742,5,0.350,14000,0,0,1,6.50,11,671
1743,6,0.300,11000,0,0,0,5.10,9,628
1744,6,0.280,14000,0,0,0,8.20,8,745
1745,7,0.330,15000,0,2,1,9.50,14,684
1746,6,0.260,25500,1,2,1,7.50,5,637
1747,7,0.440,11500,0,0,1,8.60,16,722
1748,6,0.310,10500,0,0,0,6.80,5,612
1749,7,0.150,14500,0,0,1,5.10,6,749
1750,6,0.310,12500,0,0,1,7.20,2,610
1751,8,0.270,17500,0,0,0,6.20,14,713
1752,6,0.310,12500,0,0,1,7.20,2,607
1753,7,0.260,16500,0,0,0,6.70,12,670
1754,7,0.340,14000,0,0,1,7.60,16,747
1755,6,0.320,12500,1,2,1,8.30,4,555
1756,8,0.310,22500,0,0,1,9.80,8,586
1757,6,0.240,17000,0,0,1,5.80,14,695
1758,5,0.170,14500,0,0,1,4.10,18,771
1759,5,0.120,14500,0,0,1,10.30,13,702
1760,5,0.170,14500,0,0,1,8.90,7,677
1761,6,0.210,16000,0,0,1,4.10,15,712
1762,7,0.250,14000,0,2,0,5.60,4,642
1763,6,0.220,15000,1,1,0,7.50,5,694
1764,6,0.310,20000,0,0,1,8.30,16,688
1765,7,0.250,14000,0,2,0,5.60,4,650
1766,6,0.220,15000,1,1,0,7.50,5,694
1767,6,0.230,14500,0,0,1,6.60,7,658
1768,7,0.370,25500,0,2,0,7.00,4,630
1769,6,0.280,12000,0,0,0,6.70,3,733
1770,6,0.280,12000,0,0,0,6.70,3,694
1771,7,0.240,19000,0,0,1,9.50,14,655
1772,6,0.330,15500,0,0,0,8.60,13,743
1773,6,0.380,13000,0,0,0,4.20,11,704
1774,6,0.210,16000,0,0,1,5.80,8,606
1775,7,0.250,17500,0,0,1,6.90,13,706
1776,7,0.240,15000,0,2,0,8.20,8,666
1777,7,0.340,6000,0,0,0,5.60,4,579
1778,6,0.220,20000,0,0,0,9.20,11,682
1779,5,0.455,10000,0,0,1,12.00,19,705
1780,6,0.310,15000,0,0,0,5.40,15,762
1781,6,0.390,12000,0,0,1,6.60,10,733
1782,7,0.370,16000,0,0,1,4.80,17,655
1783,7,0.230,41000,0,0,0,6.60,4,740
1784,6,0.330,15000,0,0,1,9.50,14,744
1785,7,0.250,17000,0,0,1,7.30,10,687
1786,7,0.370,16000,0,0,1,4.80,17,689
1787,6,0.280,26500,1,2,1,7.20,5,556
1788,7,0.250,18500,0,0,0,7.60,10,744
1789,7,0.360,18000,1,2,1,8.60,7,560
1790,8,0.220,18500,0,1,0,4.90,7,539
1791,6,0.220,14000,0,0,1,9.50,11,781
1792,7,0.270,15000,0,0,1,7.10,9,690
1793,7,0.460,11000,0,2,0,8.20,5,605
1794,6,0.360,19000,1,1,1,6.90,4,600
1795,6,0.400,18500,0,0,1,7.90,4,642
1796,4,0.345,18000,0,0,1,6.30,7,538
1797,6,0.200,8500,0,0,0,8.70,6,657
1798,6,0.270,17000,0,2,1,9.00,10,653
1799,6,0.400,19500,0,0,1,7.90,4,604
1800,7,0.160,15000,0,0,0,7.60,10,748
1801,6,0.330,11000,1,2,1,7.40,3,574
1802,7,0.160,16000,0,0,0,7.60,10,654
1803,7,0.310,19000,0,0,0,7.00,13,625
1804,6,0.430,12000,0,1,1,8.40,6,676
1805,7,0.580,13500,0,0,1,7.00,16,779
1806,6,0.340,16000,0,0,1,6.40,12,714
1807,7,0.380,13500,1,2,0,8.60,10,490
1808,5,0.185,9500,0,0,1,6.50,5,688
1809,6,0.180,15500,0,0,0,7.40,6,719
1810,6,0.370,33500,0,0,0,8.90,7,673
1811,6,0.270,27500,0,4,1,8.20,5,489
1812,6,0.290,26000,0,2,1,7.50,5,698
1813,6,0.240,14000,0,0,1,12.70,12,689
1814,7,0.320,15500,0,0,1,9.40,15,703
1815,6,0.270,13500,0,0,0,5.00,16,692
1816,5,0.230,12500,0,0,1,6.20,8,737
1817,7,0.320,14500,0,0,1,9.40,15,761
1818,6,0.110,13500,0,0,1,5.70,6,719
1819,7,0.230,20500,0,1,1,10.20,5,747
1820,6,0.200,22500,1,1,0,5.60,4,583
1821,6,0.260,15500,0,0,1,5.40,15,694
1822,6,0.240,24500,0,0,0,14.50,8,664
1823,6,0.240,25500,0,0,0,14.50,8,651
1824,6,0.380,13000,0,0,0,7.90,13,735
1825,6,0.140,17500,0,0,0,10.30,10,698
1826,5,0.150,17000,0,0,0,8.80,14,682
1827,6,0.250,29500,0,0,0,6.50,5,627
1828,6,0.250,24000,0,0,0,6.60,4,691
1829,6,0.260,14500,0,0,1,5.40,15,738
1830,6,0.320,7000,0,0,1,7.90,4,609
1831,7,0.400,13000,0,1,1,7.60,4,618
1832,5,0.230,13000,0,0,1,7.20,11,677
1833,6,0.370,8000,1,2,0,6.20,2,472
1834,7,0.230,22000,0,0,0,6.60,4,596
1835,7,0.400,13000,1,1,1,7.60,4,558
1836,7,0.190,19500,0,1,1,11.20,8,682
1837,6,0.260,14000,1,2,0,8.90,4,590
1838,5,0.250,14500,0,0,1,6.60,13,687
1839,6,0.280,16000,0,0,1,6.00,10,678
1840,6,0.270,12000,0,0,0,7.60,4,580
1841,6,0.270,12000,0,0,0,7.60,4,640
1842,7,0.330,12000,0,2,1,7.70,6,576
1843,7,0.340,12000,0,2,1,6.70,6,599
1844,7,0.160,13500,0,0,0,6.10,3,731
1845,7,0.160,13500,0,0,0,6.10,3,737
1846,7,0.170,14000,0,1,0,6.00,4,762
1847,6,0.190,17500,0,0,0,9.10,9,710
1848,6,0.160,19000,0,0,0,8.90,10,684
1849,7,0.160,13500,0,0,0,6.10,3,754
1850,6,0.300,13500,0,0,0,5.10,12,724
1851,6,0.240,12000,0,0,1,7.90,4,613
1852,7,0.170,14000,0,1,0,6.00,4,714
1853,6,0.300,13500,0,0,0,5.10,12,694
1854,6,0.160,18000,0,0,0,8.90,10,711
1855,7,0.360,16000,0,0,1,7.60,10,689
1856,5,0.280,12500,0,1,1,6.50,14,557
1857,7,0.440,14500,0,1,1,5.40,12,673
1858,6,0.380,15000,1,2,1,10.80,8,601
1859,7,0.160,19000,0,1,1,12.20,8,771
1860,5,0.250,13000,0,0,0,6.20,5,683
1861,7,0.370,14000,0,0,1,6.20,8,552
1862,5,0.230,10500,0,0,1,8.00,10,727
1863,5,0.265,14000,0,0,1,5.20,8,665
1864,5,0.250,13500,0,0,0,7.40,6,708
1865,7,0.260,14500,0,0,0,6.20,11,725
1866,6,0.210,21000,0,0,0,5.10,6,739
1867,6,0.140,15000,0,0,1,5.00,7,667
1868,6,0.410,12500,0,0,0,6.00,4,740
1869,8,0.250,18500,0,0,0,8.50,5,620
1870,6,0.140,15000,0,0,1,5.00,7,657
1871,6,0.500,10000,0,0,1,6.60,4,692
1872,6,0.370,11500,1,2,1,6.00,7,622
1873,6,0.370,12500,1,2,1,6.00,7,594
1874,6,0.300,14000,0,1,0,5.90,13,691
1875,5,0.255,11000,0,1,1,11.90,10,742
1876,6,0.200,12500,0,0,1,8.30,10,718
1877,6,0.350,9000,0,1,1,7.40,3,723
1878,6,0.400,15500,0,0,1,4.00,13,725
1879,6,0.170,12500,0,0,0,8.00,7,637
1880,6,0.290,16000,0,0,0,9.60,10,724
1881,5,0.250,13500,0,0,1,4.40,9,748
1882,6,0.270,15000,0,0,1,5.50,14,688
1883,7,0.310,14000,0,2,1,5.30,4,540
1884,6,0.180,17500,0,0,0,8.00,10,705
1885,5,0.270,13500,0,0,1,7.10,9,676
1886,7,0.160,15000,0,1,0,6.10,3,745
1887,7,0.160,15000,0,1,0,6.10,3,756
1888,7,0.160,15000,0,1,0,6.10,3,746
1889,7,0.260,20000,0,0,1,6.20,8,617
1890,6,0.220,17500,0,0,1,7.00,13,715
1891,6,0.190,14000,0,0,1,6.20,14,716
1892,6,0.220,20500,0,1,1,9.00,13,595
1893,6,0.240,17500,0,2,0,10.60,7,655
1894,6,0.250,16500,0,0,1,9.80,8,709
1895,5,0.190,16500,0,0,1,6.90,10,756
1896,6,0.240,21000,1,2,1,10.20,5,568
1897,6,0.310,30500,0,0,0,7.90,4,652
1898,6,0.250,17000,0,0,0,7.30,10,682
1899,7,0.380,27000,0,1,1,9.70,6,740
1900,6,0.300,15000,0,0,1,9.40,12,722
1901,6,0.330,14000,0,0,1,9.80,14,764
1902,7,0.450,12000,0,0,0,5.20,17,778
1903,7,0.360,27500,0,0,0,6.30,4,619
1904,6,0.410,13500,0,0,0,5.10,12,710
1905,6,0.300,17000,1,2,1,6.30,7,611
1906,5,0.320,9000,0,0,1,6.90,7,720
1907,6,0.250,14000,0,0,1,8.40,9,765
1908,5,0.230,14500,0,0,1,7.60,10,723
1909,7,0.380,21000,0,2,0,7.00,7,691
1910,7,0.440,12000,0,2,0,7.50,5,645
1911,6,0.280,17000,0,0,1,4.30,13,729
1912,5,0.430,8500,1,3,1,7.60,10,459
1913,6,0.290,11500,0,2,0,8.70,6,666
1914,6,0.260,12500,0,0,0,10.00,10,744
1915,6,0.230,16500,0,0,1,6.20,8,668
1916,6,0.220,15000,0,0,1,7.20,8,720
1917,6,0.290,10000,0,0,1,7.60,4,620
1918,6,0.290,10000,0,0,1,7.60,4,609
1919,5,0.280,18000,0,0,1,14.70,12,737
1920,6,0.270,14500,0,0,0,8.30,10,700
1921,5,0.220,14500,0,0,1,11.40,9,722
1922,5,0.180,13000,0,0,0,8.90,13,743
1923,5,0.140,11000,0,0,1,6.20,11,660
1924,5,0.230,9500,0,1,1,6.20,8,750
1925,7,0.240,13000,0,0,1,6.70,6,656
1926,6,0.330,13000,0,0,1,6.60,4,644
1927,6,0.310,13500,0,0,1,6.10,15,777
1928,6,0.520,27000,0,1,1,7.60,13,719
1929,5,0.200,9000,0,0,1,5.60,13,672
1930,6,0.210,16000,0,2,0,7.30,7,650
1931,5,0.220,10000,0,0,1,6.70,3,729
1932,5,0.220,11000,0,0,1,6.70,3,658
1933,5,0.180,16500,0,2,0,6.30,7,487
1934,6,0.240,13500,0,0,1,5.50,8,711
1935,5,0.260,13000,0,0,1,7.30,7,579
1936,6,0.200,13000,0,0,1,6.00,10,714
1937,6,0.260,13500,0,0,0,7.10,6,724
1938,7,0.210,19000,0,2,1,11.20,5,608
1939,6,0.220,16000,0,0,1,8.60,10,748
1940,7,0.210,19000,0,2,1,11.20,5,625
1941,6,0.220,16000,0,0,1,8.60,10,749
1942,7,0.200,17500,0,0,1,7.00,10,750
1943,5,0.260,5000,0,0,1,6.20,14,740
1944,6,0.280,15000,1,1,0,6.20,5,677
1945,6,0.240,12500,0,0,1,8.70,9,725
1946,5,0.250,12000,0,0,1,8.50,8,708
1947,6,0.220,13500,0,0,1,8.00,10,755
1948,6,0.340,12500,0,0,1,10.80,14,737
1949,6,0.260,14500,0,0,1,4.50,14,734
1950,6,0.410,11000,0,0,1,5.82,12,763
1951,6,0.410,12000,0,0,0,6.68,15,759
1952,6,0.410,11000,0,0,1,5.82,12,746
1953,6,0.260,18500,1,2,1,7.50,5,576
1954,6,0.280,10000,0,1,0,4.80,8,746
1955,7,0.160,16500,0,0,0,10.50,8,685
1956,7,0.380,17000,0,2,0,7.60,4,630
1957,6,0.240,14000,1,2,0,7.50,5,595
1958,7,0.380,18000,0,2,0,7.60,4,607
1959,7,0.190,13500,0,1,0,6.40,3,771
1960,7,0.190,12500,0,1,0,6.40,3,790
1961,6,0.240,13500,0,0,1,9.20,8,801
1962,7,0.190,12500,0,1,0,6.40,3,828
1963,7,0.270,26000,0,0,0,9.10,7,673
1964,5,0.280,17500,0,0,1,10.90,10,698
1965,5,0.220,12500,0,0,1,8.20,8,732
1966,6,0.270,34500,0,0,0,6.60,4,725
1967,6,0.270,34500,0,0,0,6.60,4,662
1968,7,0.310,26000,0,0,0,7.30,4,689
1969,7,0.340,15000,1,2,0,8.20,5,603
1970,7,0.360,13500,0,0,0,8.60,16,693
1971,6,0.310,15000,0,0,1,5.10,15,678
1972,7,0.280,18500,0,0,1,7.10,9,593
1973,7,0.160,15000,0,1,0,6.30,11,704
1974,5,0.280,17000,0,1,1,7.80,11,748
1975,6,0.200,17500,0,0,1,9.00,13,664
1976,6,0.240,13500,0,0,0,5.40,15,748
1977,6,0.290,10500,0,0,0,5.80,9,684
1978,6,0.190,18500,1,1,0,6.30,4,565
1979,5,0.290,14000,0,0,1,6.80,14,729
1980,7,0.310,13500,0,0,1,6.50,5,542
1981,6,0.290,10500,0,0,0,5.80,9,688
1982,6,0.220,10500,0,0,0,6.80,5,573
1983,7,0.230,15000,0,0,1,8.90,4,612
1984,6,0.260,14000,0,0,1,6.50,14,740
1985,6,0.350,11500,1,2,1,7.50,5,585
1986,6,0.320,16000,0,1,1,8.00,10,735
1987,6,0.340,10500,0,0,0,7.20,5,624
1988,5,0.310,15500,0,0,1,7.20,10,677
1989,6,0.130,13500,0,0,1,12.00,10,740
1990,7,0.210,17500,0,0,0,11.60,10,680
1991,6,0.280,13000,0,1,0,4.40,9,503
1992,6,0.180,15000,0,0,1,5.50,8,658
1993,7,0.270,14000,0,2,0,9.40,6,619
1994,7,0.270,14000,0,2,0,9.40,6,606
1995,6,0.240,12000,0,0,0,10.20,5,569
1996,6,0.430,13000,0,1,1,6.90,13,723
1997,5,0.290,9000,0,2,1,5.20,5,633
1998,6,0.190,16000,0,0,0,7.15,10,707
1999,5,0.240,24500,1,2,0,6.20,6,583
2000,5,0.300,20000,0,0,1,8.30,16,698
2001,6,0.305,12000,0,0,0,7.30,4,573
2002,5,0.240,24500,1,2,0,6.25,6,599
2003,6,0.220,14000,0,0,1,7.50,8,669
2004,6,0.220,11500,0,0,0,6.40,3,696
2005,6,0.220,11500,0,0,0,6.40,3,709
2006,6,0.220,14000,0,0,1,7.50,8,670
2007,6,0.220,11500,0,0,0,6.40,3,739
2008,6,0.440,14500,0,2,1,6.60,13,699
2009,6,0.310,17000,0,1,1,7.40,9,715
2010,6,0.240,14000,0,0,1,5.10,15,706
2011,6,0.560,14000,1,2,1,6.20,5,568
2012,6,0.290,15000,0,1,1,8.05,11,720
2013,6,0.340,16500,0,0,0,8.30,4,564
2014,5,0.350,12500,0,0,1,6.90,10,715
2015,5,0.350,12500,0,0,1,6.90,10,707
2016,4,0.460,6000,0,0,1,5.30,16,676
2017,6,0.280,11000,0,1,1,6.10,9,730
2018,6,0.290,12500,0,0,0,9.20,8,718
2019,6,0.300,11500,0,3,1,7.50,5,541
2020,6,0.390,11000,0,2,1,6.40,6,637
2021,6,0.380,15500,0,0,0,5.50,14,700
2022,6,0.180,13000,0,0,0,6.20,5,697
2023,6,0.280,15500,1,2,1,7.00,4,581
2024,5,0.220,10000,0,0,1,7.70,6,582
2025,6,0.180,13000,0,0,0,6.20,5,721
2026,6,0.320,17000,0,0,0,5.50,14,679
2027,6,0.260,29000,0,0,0,7.90,4,577
2028,6,0.260,29000,0,0,0,7.90,4,630
2029,6,0.210,13000,0,0,1,8.90,10,682
2030,4,0.145,14500,0,0,1,7.90,10,735
2031,7,0.280,15000,0,0,1,9.30,10,638
2032,6,0.200,20000,0,0,0,7.10,15,695
2033,6,0.320,14000,1,2,1,7.80,5,561
2034,5,0.220,23500,0,0,0,5.40,15,650
2035,6,0.320,14000,1,2,1,7.80,5,544
2036,6,0.300,17500,0,1,1,5.20,14,710
2037,6,0.150,12500,0,0,1,6.70,6,715
2038,6,0.130,15000,0,0,1,7.60,10,660
2039,6,0.480,25500,0,0,1,6.00,16,675
2040,6,0.310,12500,0,2,1,8.65,8,686
2041,6,0.230,19500,0,1,1,9.60,7,739
2042,7,0.240,14500,0,0,0,5.35,11,700
2043,6,0.200,14500,1,1,0,8.40,9,564
2044,5,0.380,14000,0,0,1,6.60,13,652
2045,7,0.270,16500,0,1,1,8.00,10,715
2046,7,0.250,16500,0,1,1,7.20,11,672
2047,6,0.320,11500,0,0,0,6.10,9,629
2048,6,0.190,14000,0,0,1,10.60,10,718
2049,6,0.270,17000,0,0,1,6.50,14,657
2050,6,0.400,10000,1,3,1,7.40,3,567
2051,6,0.170,9500,0,0,0,5.40,6,668
2052,5,0.130,11000,0,1,1,6.10,12,718
2053,6,0.160,12500,0,0,1,5.00,7,720
2054,6,0.170,9500,0,0,0,5.40,6,654
2055,6,0.370,9500,0,0,0,5.00,4,712
2056,7,0.260,26500,0,1,0,6.30,4,705
2057,7,0.280,27000,0,2,0,6.30,4,655
2058,7,0.280,27000,0,1,0,6.30,4,651
2059,7,0.090,15000,0,0,0,5.70,9,701
2060,5,0.280,16000,0,0,1,8.25,15,650
2061,6,0.280,19500,0,0,0,8.30,10,645
2062,6,0.280,19500,0,0,0,8.30,10,600
2063,6,0.200,16500,0,0,0,9.00,13,664
2064,5,0.290,16000,0,0,1,5.50,11,684
2065,7,0.230,16000,0,0,0,7.30,10,738
2066,6,0.550,14000,0,0,1,10.30,16,708
2067,6,0.230,18000,0,0,1,5.10,15,664
2068,5,0.210,11500,0,0,1,8.70,9,708
2069,5,0.270,12000,0,0,1,8.40,18,687
2070,6,0.260,14000,0,0,0,7.45,13,715
2071,5,0.180,15000,0,0,1,6.40,9,731
2072,7,0.230,16500,0,0,1,7.40,9,768
2073,5,0.280,34000,0,1,1,8.40,9,645
2074,8,0.360,15000,0,3,0,7.00,13,559
2075,6,0.300,13500,0,0,1,6.60,13,748
2076,6,0.200,16000,0,0,1,8.20,5,727
2077,6,0.200,14000,0,0,0,8.70,15,681
2078,6,0.350,12000,0,0,1,8.00,13,740
2079,5,0.300,15500,0,0,1,5.90,10,599
2080,6,0.150,18000,0,0,1,7.00,7,676
2081,4,0.130,16000,0,0,1,9.40,12,730
2082,5,0.200,12000,0,0,0,9.40,3,709
2083,6,0.270,13000,0,0,1,6.30,10,726
2084,5,0.290,19000,0,0,1,5.20,14,727
2085,6,0.330,16000,0,2,1,7.30,10,652
2086,7,0.330,40000,0,3,0,8.00,10,670
2087,6,0.360,16500,0,0,1,8.00,10,683
2088,7,0.390,16000,0,0,0,6.70,9,676
2089,6,0.160,16500,0,0,1,5.20,11,728
2090,6,0.170,18000,0,0,0,6.30,4,680
2091,5,0.330,9000,0,0,1,6.00,10,741
2092,6,0.290,16000,0,0,1,8.00,13,720
2093,6,0.280,15000,0,1,0,5.60,10,737
2094,6,0.440,14000,0,0,1,7.80,10,689
2095,7,0.280,18500,0,0,0,9.40,9,649
2096,6,0.440,14000,0,0,1,7.90,10,722
2097,7,0.305,19000,0,0,1,7.50,11,713
2098,8,0.490,12500,0,1,0,7.60,10,617
2099,6,0.190,18500,0,0,1,7.70,9,717
2100,6,0.190,18500,0,0,1,7.70,9,732
2101,6,0.300,45500,0,1,1,7.10,12,745
2102,6,0.280,20500,0,1,1,9.40,9,741
2103,5,0.290,20000,0,0,0,8.60,10,650
2104,6,0.510,13500,0,2,1,8.70,8,594
2105,6,0.240,20500,0,0,0,9.20,12,724
2106,6,0.240,21500,0,0,0,9.25,12,687
2107,5,0.240,15000,0,0,1,6.20,14,731
2108,5,0.240,17000,0,1,1,4.30,16,723
2109,5,0.180,14000,0,0,1,8.95,8,694
2110,6,0.610,10500,2,3,0,8.90,4,633
2111,5,0.695,3000,0,0,1,6.60,7,634
2112,5,0.390,12500,0,0,1,8.30,16,736
2113,6,0.380,23500,1,2,1,7.80,5,626
2114,6,0.290,20500,0,0,0,8.90,9,711
2115,6,0.290,20500,0,0,0,8.00,10,685
2116,6,0.330,21500,0,0,1,9.20,14,679
2117,8,0.230,22500,0,2,0,7.60,10,560
2118,7,0.170,19000,0,0,1,6.20,14,677
2119,6,0.170,16500,0,0,1,8.40,7,748
2120,6,0.160,17000,0,0,1,8.40,7,729
2121,7,0.170,18000,0,0,1,6.20,14,723
2122,6,0.170,16500,0,0,1,8.45,7,740
2123,6,0.285,24500,0,0,0,8.70,3,678
2124,5,0.350,14500,0,1,1,8.90,11,780
2125,5,0.210,18500,0,0,1,9.80,8,684
2126,6,0.250,16000,0,0,1,7.80,5,677
2127,4,0.335,7000,0,2,1,6.50,8,630
2128,6,0.630,7000,1,2,1,5.60,7,443
2129,6,0.160,16000,0,1,0,5.00,4,736
2130,6,0.190,15500,0,1,0,7.30,4,769
2131,6,0.360,17000,1,2,1,8.40,3,541
2132,6,0.350,17000,0,0,1,9.70,15,690
2133,6,0.150,21000,0,0,1,14.00,16,650
2134,6,0.350,16000,0,0,1,9.70,15,729
2135,7,0.270,37000,0,0,0,6.60,4,681
2136,6,0.300,17500,0,2,0,8.40,6,596
2137,6,0.220,21000,0,0,0,4.40,12,697
2138,5,0.210,16500,0,0,1,7.10,15,657
2139,5,0.330,16500,0,0,1,6.60,13,708
2140,5,0.270,8000,0,0,1,5.20,8,703
2141,6,0.150,17000,0,0,1,4.00,7,681
2142,6,0.150,16000,0,0,1,4.00,7,694
2143,6,0.270,18000,0,1,0,8.75,13,595
2144,6,0.320,16500,0,0,1,7.60,7,671
2145,6,0.250,14000,0,0,0,7.20,5,712
2146,6,0.420,23000,1,1,1,6.10,6,699
2147,6,0.310,15500,0,0,0,9.20,8,733
2148,6,0.250,15000,0,0,0,7.20,5,662
2149,7,0.210,15500,0,0,0,6.80,8,670
2150,6,0.320,22500,0,0,1,7.10,9,615
2151,7,0.300,32000,0,1,1,7.55,12,567
2152,5,0.310,19000,0,0,1,6.10,12,688
2153,5,0.310,19000,0,0,1,6.10,12,722
2154,5,0.185,12000,0,0,1,6.45,7,678
2155,5,0.160,16500,0,0,1,6.90,11,682
2156,6,0.170,19000,0,0,1,8.40,9,650
2157,6,0.240,16000,0,0,1,3.90,13,725
2158,5,0.300,13500,0,0,1,9.50,14,682
2159,6,0.270,15500,0,0,1,6.70,9,686
2160,6,0.270,16000,0,0,1,6.40,9,741
2161,5,0.240,10500,0,0,1,8.00,7,577
2162,6,0.260,15500,1,14,1,9.50,8,371
2163,6,0.230,25000,0,0,0,6.30,4,708
2164,6,0.340,13000,1,2,0,9.90,4,609
2165,6,0.350,12500,0,2,1,9.90,4,700
2166,6,0.190,17500,0,0,1,7.10,6,707
2167,6,0.290,37500,0,0,0,7.20,14,712
2168,6,0.380,14000,0,0,1,7.80,17,708
2169,6,0.170,13000,0,0,1,5.00,7,699
2170,5,0.400,12500,0,0,1,8.25,12,727
2171,6,0.320,11500,0,0,1,7.20,14,818
2172,6,0.270,14000,0,1,1,7.80,5,748
2173,6,0.270,15000,0,2,1,7.80,5,676
2174,6,0.270,15000,0,2,1,7.80,5,689
2175,6,0.280,23500,1,2,1,7.30,4,626
2176,5,0.210,15500,0,0,1,5.00,13,719
2177,7,0.240,20000,1,3,1,6.60,10,446
2178,5,0.270,20000,0,0,1,7.30,7,678
2179,5,0.270,16000,0,0,1,8.90,13,736
2180,5,0.315,9500,0,0,0,6.65,8,680
2181,6,0.590,7000,0,1,0,6.70,9,500
2182,6,0.310,15500,0,2,0,8.60,7,643
2183,4,0.320,19500,0,0,1,5.40,15,778
2184,3,0.225,20000,0,0,1,5.40,15,815
2185,6,0.310,15500,0,2,0,8.60,7,631
2186,5,0.620,17500,0,0,1,5.65,17,689
2187,4,0.785,5000,0,0,1,13.40,18,725
2188,6,0.320,15000,1,1,1,7.20,5,628
2189,6,0.105,14500,0,0,1,8.10,9,732
2190,6,0.105,14500,0,0,1,8.10,9,775
2191,5,0.320,10500,0,0,1,6.90,7,590
2192,6,0.260,10000,0,0,0,6.20,8,651
2193,6,0.105,15500,0,0,1,8.10,9,683
2194,5,0.280,17000,0,0,1,4.40,15,776
2195,6,0.310,25000,0,0,1,7.70,12,746
2196,6,0.280,4500,0,0,0,9.50,5,671
2197,6,0.260,12000,1,1,1,9.20,8,681
2198,5,0.360,25000,2,2,0,6.10,6,627
2199,6,0.760,6000,0,0,1,14.10,18,710
2200,6,0.410,10000,0,0,0,6.80,8,653
2201,6,0.280,17000,0,0,1,6.00,13,755
2202,6,0.230,18500,0,0,1,7.60,4,602
2203,6,0.340,14500,0,0,1,8.10,9,654
2204,6,0.220,16500,0,0,0,11.20,11,746
2205,5,0.380,13000,0,0,1,6.10,6,711
2206,5,0.320,13000,0,0,1,5.10,9,640
2207,5,0.330,15000,0,0,1,8.70,9,679
2208,5,0.370,15000,0,0,1,8.00,13,692
2209,5,0.295,13000,0,0,1,8.80,8,662
2210,5,0.275,12000,0,0,1,7.00,10,719
2211,5,0.405,10500,0,3,1,6.80,11,467
2212,6,0.340,18000,0,0,1,5.85,12,711
2213,6,0.280,28500,0,0,1,5.50,11,735
2214,6,0.380,15500,0,0,1,9.50,5,595
2215,5,0.300,16000,0,1,1,6.60,13,690
2216,4,0.540,4500,0,0,1,6.60,13,765
2217,7,0.360,17500,0,1,0,8.30,10,746
2218,6,0.330,23000,1,2,0,7.80,5,535
2219,6,0.230,20000,0,0,1,10.20,11,628
2220,7,0.230,19500,0,1,0,6.00,4,683
2221,7,0.380,17500,0,0,0,6.20,11,655
2222,6,0.430,17000,0,0,0,5.00,10,746
2223,6,0.410,12500,0,0,1,7.90,5,576
2224,5,0.600,17000,0,0,1,5.00,16,734
2225,5,0.200,20000,0,0,1,8.15,13,718
2226,6,0.420,21500,0,2,1,9.10,6,570
2227,5,0.200,19000,0,0,1,7.00,7,680
2228,7,0.220,13000,0,0,0,6.10,6,682
2229,6,0.380,21000,0,0,1,8.80,11,768
2230,5,0.540,5000,0,0,1,5.40,3,629
2231,5,0.235,13500,0,0,0,7.20,5,690
2232,5,0.320,7500,0,1,1,5.10,9,535
2233,4,0.470,8500,0,0,1,5.50,11,750
2234,6,0.410,11000,0,0,0,11.00,16,736
2235,6,0.220,20000,1,1,0,8.60,4,560
2236,6,0.340,15500,0,0,0,6.40,12,661
2237,5,0.210,16000,0,0,1,6.80,8,686
2238,6,0.210,15500,0,0,1,7.60,10,669
2239,6,0.320,19000,0,2,1,6.80,5,572
2240,5,0.290,15000,0,0,1,5.40,15,772
2241,6,0.210,20000,0,0,1,4.40,12,655
2242,6,0.160,16000,0,1,1,6.00,10,707
2243,7,0.440,13500,0,1,1,5.40,12,731
2244,8,0.270,21500,0,0,0,8.00,13,646
2245,6,0.220,19000,0,0,0,4.00,10,700
2246,6,0.495,13500,0,0,0,5.90,4,649
2247,8,0.190,20000,0,1,0,5.00,7,712
2248,6,0.260,24000,0,1,1,6.20,5,726
2249,8,0.340,22000,0,1,1,5.50,5,749
2250,6,0.180,16000,0,0,1,7.90,10,664
2251,7,0.270,15500,0,0,0,5.40,6,612
2252,6,0.180,17000,0,0,1,8.50,11,796
2253,6,0.240,17000,0,0,1,5.80,14,707
2254,6,0.300,15000,0,1,1,6.10,15,778
2255,7,0.640,23500,1,2,0,7.90,4,625
2256,7,0.470,14500,0,0,0,7.00,13,782
2257,7,0.130,20000,0,0,1,14.40,6,780
2258,7,0.130,18500,0,0,0,8.10,9,734
2259,9,0.210,24500,0,0,0,9.50,5,578
2260,6,0.230,19500,0,1,0,5.20,5,729
2261,6,0.290,26000,0,1,1,8.20,8,734
2262,7,0.280,12000,0,1,1,8.80,8,666
2263,6,0.250,12500,0,0,0,7.60,10,718
2264,6,0.240,37000,0,0,1,5.70,6,686
2265,6,0.220,16000,0,1,1,6.00,4,737
2266,6,0.270,21500,1,2,0,7.00,4,679
2267,9,0.280,24000,0,0,1,8.50,5,605
2268,6,0.350,14500,0,0,0,8.20,13,740
2269,5,0.280,14500,0,0,1,8.00,7,676
2270,6,0.250,38000,0,2,1,6.60,4,660
2271,6,0.230,17000,0,1,1,6.50,8,598
2272,7,0.230,16000,0,3,0,6.50,11,565
2273,6,0.200,17000,0,0,1,6.00,13,653
2274,6,0.160,28500,0,0,0,5.90,4,704
2275,7,0.360,8000,0,2,1,7.70,3,588
2276,7,0.360,12500,0,0,0,5.50,14,656
2277,6,0.220,12500,0,0,1,6.10,3,604
2278,6,0.250,24000,0,0,0,6.60,4,723
2279,7,0.270,15500,0,0,0,5.40,6,631
2280,7,0.300,17000,0,0,1,6.40,12,664
2281,6,0.540,10500,0,1,1,8.20,8,702
2282,5,0.260,13500,0,0,1,5.10,9,696
2283,7,0.240,24500,0,0,1,8.50,8,703
2284,6,0.130,28500,0,1,0,6.20,5,724
2285,8,0.210,25500,0,2,0,8.60,4,610
2286,7,0.290,29000,0,2,1,9.50,5,654
2287,6,0.250,15500,0,3,1,5.70,6,546
2288,7,0.310,35500,0,2,0,6.80,2,592
2289,6,0.270,27000,0,2,1,7.50,5,577
2290,6,0.240,26000,0,2,1,8.90,4,602
2291,6,0.290,24500,0,1,1,6.70,6,675
2292,7,0.670,7000,0,2,0,7.90,4,641
2293,4,0.190,11500,0,1,1,6.00,1,635
2294,6,0.200,13500,0,0,0,6.50,8,710
2295,7,0.190,12500,0,1,0,6.40,3,789
2296,6,0.230,19000,0,0,1,6.40,3,584
2297,7,0.310,26500,0,2,0,9.50,5,572
2298,6,0.260,24500,0,0,0,9.40,6,698
2299,6,0.270,17000,0,0,1,6.50,14,699
2300,5,0.140,14500,0,0,1,6.00,4,647
2301,7,0.240,16000,0,0,1,6.50,8,593
2302,6,0.190,20000,0,0,0,8.50,8,710
2303,7,0.280,18500,0,0,1,7.80,5,555
2304,7,0.230,18500,1,2,1,6.70,3,572
2305,6,0.260,18500,0,1,1,7.50,5,713
2306,7,0.280,18500,0,0,1,7.80,5,625
2307,7,0.220,16500,0,0,1,10.20,11,739
2308,7,0.280,15500,0,0,1,5.60,7,634
2309,6,0.130,22500,0,0,0,8.90,10,747
2310,6,0.250,16500,0,1,1,4.00,13,656
2311,8,0.260,24500,0,0,0,5.30,7,742
2312,6,0.260,24000,0,2,1,7.90,4,633
2313,6,0.170,14000,0,1,1,7.70,9,733
2314,6,0.300,23000,1,2,0,7.30,4,594
2315,7,0.190,21000,0,0,0,7.70,6,670
2316,6,0.360,16000,0,0,1,7.90,16,774
2317,6,0.325,25500,0,2,1,6.90,4,607
2318,7,0.270,14000,0,2,0,9.40,6,604
2319,7,0.420,24500,0,1,1,9.60,10,751
2320,6,0.330,14000,0,0,1,6.60,4,561
2321,6,0.170,14000,0,0,1,6.40,9,690
2322,8,0.200,20000,0,0,0,8.60,10,743
2323,5,0.190,24500,0,0,1,6.60,10,674
2324,6,0.330,17000,1,2,1,9.50,5,556
2325,6,0.260,14000,1,2,1,10.50,5,634
2326,6,0.300,24000,0,0,0,7.70,3,750
2327,6,0.220,19500,0,1,1,7.00,7,740
2328,7,0.230,15000,0,0,0,8.90,10,748
2329,6,0.310,4500,0,0,1,6.00,7,590
2330,7,0.390,14000,0,1,0,4.30,7,517
2331,6,0.440,22500,0,0,1,4.00,16,825
2332,8,0.400,21500,0,0,1,7.90,4,613
2333,6,0.330,11000,1,2,1,7.40,3,601
2334,7,0.300,19000,0,1,1,9.90,4,720
2335,6,0.210,16000,0,0,1,5.80,8,573
2336,6,0.280,8500,0,1,1,7.00,4,725
2337,8,0.250,15500,0,0,0,6.50,11,722
2338,6,0.280,23000,0,2,1,8.50,5,580
2339,7,0.705,6000,0,2,0,7.30,4,584
2340,6,0.210,20500,0,1,1,7.00,13,567
2341,7,0.390,13000,0,1,0,6.70,9,689
2342,6,0.270,11500,1,4,1,9.80,5,463
2343,7,0.260,19000,0,0,1,9.30,10,710
2344,6,0.240,14000,1,2,0,7.50,5,647
2345,7,0.280,18500,0,0,1,7.80,5,624
2346,7,0.470,33500,1,2,0,5.60,4,561
2347,8,0.440,24500,0,1,1,4.10,15,762
2348,7,0.290,20000,0,2,0,4.50,11,684
2349,7,0.240,20500,0,0,1,5.80,2,617
2350,6,0.260,8500,1,1,1,7.10,3,585
2351,7,0.300,14500,0,0,1,5.00,4,697
2352,6,0.150,20500,0,1,1,11.60,7,733
2353,7,0.210,35000,0,0,0,5.10,3,634
2354,6,0.230,19000,0,2,1,7.50,8,686
2355,6,0.320,14000,1,2,1,7.80,5,581
2356,6,0.300,24500,0,2,1,6.50,5,597
2357,5,0.260,10500,0,1,1,6.50,5,670
2358,7,0.390,17000,0,0,0,9.50,14,708
2359,7,0.420,15500,0,2,0,9.60,4,686
2360,6,0.290,10500,0,1,1,6.30,10,738
2361,7,0.280,9500,0,0,0,6.00,7,593
2362,6,0.210,10500,0,0,1,5.50,8,589
2363,5,0.320,13000,0,0,1,8.00,16,818
2364,9,0.290,23000,0,1,0,6.50,5,717
2365,6,0.460,9000,0,0,0,6.80,14,724
2366,7,0.270,19000,0,2,0,4.00,10,592
2367,6,0.410,15000,0,1,1,11.10,12,752
2368,5,0.330,12500,0,0,1,7.00,4,578
2369,7,0.340,11500,0,0,1,6.60,7,607
2370,7,0.400,13500,0,0,1,9.90,13,726
2371,5,0.610,8000,0,1,1,5.50,17,597
2372,5,0.580,6000,0,0,1,5.20,14,693
2373,6,0.340,16500,0,0,0,8.30,4,570
2374,7,0.290,33500,0,1,0,6.70,3,745
2375,8,0.210,16000,0,0,1,7.60,7,733
2376,9,0.200,17500,0,0,1,5.40,6,670
2377,6,0.250,21500,0,2,0,6.30,4,623
2378,6,0.705,14500,0,1,1,7.50,5,515
2379,6,0.300,28000,0,1,1,8.70,9,746
2380,6,0.240,18500,0,1,0,7.70,6,712
2381,6,0.240,22000,1,3,1,10.20,5,560
2382,6,0.400,29000,0,0,1,6.10,3,555
2383,6,0.340,11500,0,0,0,7.20,5,532
2384,7,0.140,18000,0,1,1,12.80,5,677
2385,5,0.210,13500,0,0,1,8.90,10,679
2386,8,0.300,22000,0,1,0,4.00,13,728
2387,7,0.190,12500,0,0,0,8.20,5,666
2388,6,0.290,23000,2,2,0,6.30,4,566
2389,6,0.360,19000,0,0,0,6.30,13,718
2390,7,0.260,17000,0,0,1,6.80,11,668
2391,7,0.160,12500,0,0,0,6.60,4,742
2392,7,0.330,20500,0,0,1,5.20,5,530
2393,7,0.240,20000,1,2,1,8.70,6,567
2394,6,0.300,13000,0,2,1,6.50,5,670
2395,7,0.250,15000,0,0,1,9.50,8,729
2396,6,0.250,28000,0,2,1,10.20,8,608
2397,6,0.390,12000,0,0,1,6.60,10,738
2398,6,0.210,14500,0,0,1,5.10,3,590
2399,6,0.260,26000,0,1,0,9.40,6,642
2400,6,0.120,13000,0,1,1,5.50,8,718
2401,6,0.200,13000,0,0,1,9.00,10,728
2402,6,0.220,19000,0,0,0,4.00,10,733
2403,6,0.190,17500,0,0,0,9.10,9,715
2404,6,0.200,26000,0,2,1,8.60,7,672
2405,6,0.250,16500,0,0,1,7.90,10,677
2406,7,0.120,18000,1,3,1,6.20,5,570
2407,6,0.320,9500,0,0,1,5.20,5,738
2408,7,0.290,19000,0,2,1,6.90,7,569
2409,6,0.500,10000,0,0,1,6.60,4,668
2410,6,0.230,12000,1,1,0,9.90,4,656
2411,6,0.250,26000,0,2,1,6.60,4,634
2412,6,0.355,18500,0,0,0,6.80,17,659
2413,6,0.280,21500,0,2,0,6.20,5,621
2414,6,0.270,12500,0,1,1,5.20,5,709
2415,7,0.180,15500,0,0,0,5.10,12,688
2416,6,0.220,13500,0,1,0,11.10,9,688
2417,6,0.290,29500,0,0,0,6.50,5,556
2418,6,0.310,14000,0,2,1,6.80,5,616
2419,7,0.180,18000,0,0,1,7.70,9,746
2420,6,0.240,16500,1,1,0,7.00,4,543
2421,6,0.310,23000,1,2,0,6.80,5,599
2422,7,0.460,9000,0,0,0,7.40,9,713
2423,6,0.180,24000,0,1,0,9.50,2,718
2424,6,0.150,16000,0,0,1,10.30,13,808
2425,6,0.270,15500,0,2,1,7.00,10,698
2426,6,0.220,17500,0,0,1,6.90,10,686
2427,7,0.250,18000,0,1,0,6.70,3,682
2428,7,0.210,11000,0,2,1,7.20,8,680
2429,6,0.390,15500,0,2,1,8.30,4,631
2430,7,0.250,18000,0,2,1,11.70,3,630
2431,7,0.230,18000,0,0,1,7.30,13,752
2432,7,0.340,15000,0,2,1,9.10,6,635
2433,7,0.170,18000,0,0,0,6.40,9,678
2434,6,0.220,15500,0,0,0,7.30,4,662
2435,7,0.200,15000,0,1,1,6.70,3,751
2436,9,0.280,25500,0,0,1,6.30,7,575
2437,7,0.300,21000,0,1,1,9.00,10,561
2438,7,0.320,16500,0,0,1,7.40,15,754
2439,6,0.410,15000,0,1,1,11.10,12,747
2440,6,0.520,10500,1,2,1,4.00,7,448
2441,7,0.180,19500,0,0,1,7.40,9,627
2442,6,0.340,14000,0,2,1,5.80,5,673
2443,6,0.160,17000,0,2,1,6.00,10,681
2444,6,0.150,23000,0,0,1,7.10,6,743
2445,6,0.350,26500,1,2,0,6.80,5,594
2446,5,0.220,14500,0,0,1,5.30,10,709
2447,6,0.300,38000,0,1,1,6.70,6,644
2448,7,0.180,16500,0,0,0,7.70,3,681
2449,6,0.190,16500,0,0,0,8.00,10,743
